sfm_send_frame,TcpDriver,1699548525.805726,6.92499743308872e-05
sent_msg_sizes,req:server_parent_listener:get_clients,1699548525.805745,9.5367431640625e-06
msg_travel,server#reply:server_parent_listener:get_clients,1699548525.8062599,0.0001971721649169922
received_msg_sizes,reply:server_parent_listener:get_clients,1699548525.806282,0.0004062652587890625
request_response,reply:server_parent_listener:get_clients,1699548525.806323,0.001981019973754883
sfm_send_frame,TcpDriver,1699548526.314989,0.00019133399473503232
sent_msg_sizes,req:sm__STREAM:sm__DATA,1699548526.315029,0.0003070831298828125
msg_travel,server.da1c729a-6d30-4772-adb2-5ccec75fe270#req:sm__STREAM:sm__DATA,1699548526.319802,0.0005962848663330078
received_msg_sizes,req:sm__STREAM:sm__DATA,1699548526.319864,0.0002727508544921875
request_processing,req:sm__STREAM:sm__DATA,1699548526.3199968,7.912499131634831e-05
sfm_send_frame,TcpDriver,1699548526.3232908,0.0001937079941853881
sent_msg_sizes,req:sm__STREAM:sm__DATA,1699548526.323312,0.000308990478515625
sfm_send_frame,TcpDriver,1699548526.3237062,0.0004519159847404808
sent_msg_sizes,req:sm__STREAM:sm__DATA,1699548526.3237278,0.00040435791015625
msg_travel,server.da1c729a-6d30-4772-adb2-5ccec75fe270#req:sm__STREAM:sm__DATA,1699548526.332619,0.0005741119384765625
received_msg_sizes,req:sm__STREAM:sm__DATA,1699548526.3326669,0.0008907318115234375
request_processing,req:sm__STREAM:sm__DATA,1699548526.332756,5.0749978981912136e-05
sfm_send_frame,TcpDriver,1699548528.408905,0.00047833399730734527
sent_msg_sizes,req:sm__STREAM:sm__DATA,1699548528.408968,0.00035381317138671875
msg_travel,server.da1c729a-6d30-4772-adb2-5ccec75fe270#req:sm__STREAM:sm__DATA,1699548528.412639,0.0007650852203369141
received_msg_sizes,req:sm__STREAM:sm__DATA,1699548528.412713,0.0002727508544921875
request_processing,req:sm__STREAM:sm__DATA,1699548528.41286,8.704198990017176e-05
sfm_send_frame,TcpDriver,1699548528.41487,7.079102215357125e-05
sent_msg_sizes,req:sm__STREAM:sm__DATA,1699548528.4148889,0.0008478164672851562
msg_travel,server.da1c729a-6d30-4772-adb2-5ccec75fe270#req:sm__STREAM:sm__DATA,1699548528.419061,0.0005831718444824219
received_msg_sizes,req:sm__STREAM:sm__DATA,1699548528.4191139,9.5367431640625e-06
request_processing,req:sm__STREAM:sm__DATA,1699548528.419233,7.149999146349728e-05
sfm_send_frame,TcpDriver,1699548528.527143,0.00031800000579096377
sent_msg_sizes,req:sm__STREAM:sm__DATA,1699548528.527191,0.00040435791015625
msg_travel,server.da1c729a-6d30-4772-adb2-5ccec75fe270#req:sm__STREAM:sm__DATA,1699548528.530845,0.0005540847778320312
received_msg_sizes,req:sm__STREAM:sm__DATA,1699548528.5308821,0.00034809112548828125
request_processing,req:sm__STREAM:sm__DATA,1699548528.5309498,3.9207981899380684e-05
sfm_send_frame,TcpDriver,1699548528.638718,0.0004515000036917627
sent_msg_sizes,req:sm__STREAM:sm__DATA,1699548528.638803,0.00040435791015625
msg_travel,server.da1c729a-6d30-4772-adb2-5ccec75fe270#req:sm__STREAM:sm__DATA,1699548528.643896,0.0006928443908691406
received_msg_sizes,req:sm__STREAM:sm__DATA,1699548528.6439471,0.00034809112548828125
request_processing,req:sm__STREAM:sm__DATA,1699548528.644047,5.8291974710300565e-05
sfm_send_frame,TcpDriver,1699548528.7523851,0.00017270800890401006
sent_msg_sizes,req:sm__STREAM:sm__DATA,1699548528.752426,0.00040435791015625
msg_travel,server.da1c729a-6d30-4772-adb2-5ccec75fe270#req:sm__STREAM:sm__DATA,1699548528.756233,0.0008609294891357422
received_msg_sizes,req:sm__STREAM:sm__DATA,1699548528.7563038,0.00034809112548828125
request_processing,req:sm__STREAM:sm__DATA,1699548528.756446,8.179200813174248e-05
sfm_send_frame,TcpDriver,1699548528.863955,0.00029004199313931167
sent_msg_sizes,req:sm__STREAM:sm__DATA,1699548528.864037,0.00040435791015625
msg_travel,server.da1c729a-6d30-4772-adb2-5ccec75fe270#req:sm__STREAM:sm__DATA,1699548528.869795,0.0011026859283447266
received_msg_sizes,req:sm__STREAM:sm__DATA,1699548528.8698611,0.00034809112548828125
request_processing,req:sm__STREAM:sm__DATA,1699548528.8699808,6.916699931025505e-05
sfm_send_frame,TcpDriver,1699548528.979559,0.00020162499276921153
sent_msg_sizes,req:sm__STREAM:sm__DATA,1699548528.979645,0.00040435791015625
msg_travel,server.da1c729a-6d30-4772-adb2-5ccec75fe270#req:sm__STREAM:sm__DATA,1699548528.984117,0.0006670951843261719
received_msg_sizes,req:sm__STREAM:sm__DATA,1699548528.984204,0.0008907318115234375
request_processing,req:sm__STREAM:sm__DATA,1699548528.984341,8.183400495909154e-05
sfm_send_frame,TcpDriver,1699548530.44134,8.762499783188105e-05
sent_msg_sizes,req:sm__STREAM:sm__DATA,1699548530.441372,0.00035381317138671875
msg_travel,server.da1c729a-6d30-4772-adb2-5ccec75fe270#req:sm__STREAM:sm__DATA,1699548530.443255,0.0005288124084472656
received_msg_sizes,req:sm__STREAM:sm__DATA,1699548530.4433029,0.0002727508544921875
request_processing,req:sm__STREAM:sm__DATA,1699548530.443398,5.7375000324100256e-05
sfm_send_frame,TcpDriver,1699548530.444735,6.858300184831023e-05
sent_msg_sizes,req:sm__STREAM:sm__DATA,1699548530.4447548,0.00086212158203125
msg_travel,server.da1c729a-6d30-4772-adb2-5ccec75fe270#req:sm__STREAM:sm__DATA,1699548530.4483688,0.0005240440368652344
received_msg_sizes,req:sm__STREAM:sm__DATA,1699548530.448412,9.5367431640625e-06
request_processing,req:sm__STREAM:sm__DATA,1699548530.448496,4.795799031853676e-05
sfm_send_frame,TcpDriver,1699548530.5552099,7.245899178087711e-05
sent_msg_sizes,req:sm__STREAM:sm__DATA,1699548530.555231,0.00040435791015625
msg_travel,server.da1c729a-6d30-4772-adb2-5ccec75fe270#req:sm__STREAM:sm__DATA,1699548530.557465,0.0006127357482910156
received_msg_sizes,req:sm__STREAM:sm__DATA,1699548530.557526,0.00034809112548828125
request_processing,req:sm__STREAM:sm__DATA,1699548530.5576289,6.054199184291065e-05
sfm_send_frame,TcpDriver,1699548530.664049,0.00010862498311325908
sent_msg_sizes,req:sm__STREAM:sm__DATA,1699548530.6640809,0.00040435791015625
msg_travel,server.da1c729a-6d30-4772-adb2-5ccec75fe270#req:sm__STREAM:sm__DATA,1699548530.66801,0.0006961822509765625
received_msg_sizes,req:sm__STREAM:sm__DATA,1699548530.6680698,0.00034809112548828125
request_processing,req:sm__STREAM:sm__DATA,1699548530.6681879,6.966598448343575e-05
sfm_send_frame,TcpDriver,1699548530.773823,0.00011225001071579754
sent_msg_sizes,req:sm__STREAM:sm__DATA,1699548530.773849,0.00040435791015625
msg_travel,server.da1c729a-6d30-4772-adb2-5ccec75fe270#req:sm__STREAM:sm__DATA,1699548530.777081,0.0009391307830810547
received_msg_sizes,req:sm__STREAM:sm__DATA,1699548530.777152,0.00034809112548828125
request_processing,req:sm__STREAM:sm__DATA,1699548530.7773042,9.32500115595758e-05
sfm_send_frame,TcpDriver,1699548530.8880188,0.00012387498281896114
sent_msg_sizes,req:sm__STREAM:sm__DATA,1699548530.888053,0.00040435791015625
msg_travel,server.da1c729a-6d30-4772-adb2-5ccec75fe270#req:sm__STREAM:sm__DATA,1699548530.890781,0.0008189678192138672
received_msg_sizes,req:sm__STREAM:sm__DATA,1699548530.8908448,0.00034809112548828125
request_processing,req:sm__STREAM:sm__DATA,1699548530.89096,7.054099114611745e-05
sfm_send_frame,TcpDriver,1699548531.0022268,6.912497337907553e-05
sent_msg_sizes,req:sm__STREAM:sm__DATA,1699548531.002243,0.00040435791015625
msg_travel,server.da1c729a-6d30-4772-adb2-5ccec75fe270#req:sm__STREAM:sm__DATA,1699548531.006411,0.0004317760467529297
received_msg_sizes,req:sm__STREAM:sm__DATA,1699548531.006444,0.0008907318115234375
request_processing,req:sm__STREAM:sm__DATA,1699548531.006502,3.483399632386863e-05
sfm_send_frame,TcpDriver,1699548534.425341,0.00013775000115856528
sent_msg_sizes,req:sm__STREAM:sm__DATA,1699548534.425376,0.00035381317138671875
msg_travel,server.da1c729a-6d30-4772-adb2-5ccec75fe270#req:sm__STREAM:sm__DATA,1699548534.428803,0.0007266998291015625
received_msg_sizes,req:sm__STREAM:sm__DATA,1699548534.428864,0.0002727508544921875
request_processing,req:sm__STREAM:sm__DATA,1699548534.428977,6.570899859070778e-05
sfm_send_frame,TcpDriver,1699548534.430475,7.208299939520657e-05
sent_msg_sizes,req:sm__STREAM:sm__DATA,1699548534.430494,0.00086212158203125
msg_travel,server.da1c729a-6d30-4772-adb2-5ccec75fe270#req:sm__STREAM:sm__DATA,1699548534.434478,0.00048613548278808594
received_msg_sizes,req:sm__STREAM:sm__DATA,1699548534.434651,9.5367431640625e-06
request_processing,req:sm__STREAM:sm__DATA,1699548534.434738,4.9458001740276814e-05
sfm_send_frame,TcpDriver,1699548534.541458,0.00015920901205390692
sent_msg_sizes,req:sm__STREAM:sm__DATA,1699548534.541499,0.00040435791015625
msg_travel,server.da1c729a-6d30-4772-adb2-5ccec75fe270#req:sm__STREAM:sm__DATA,1699548534.543353,0.0004191398620605469
received_msg_sizes,req:sm__STREAM:sm__DATA,1699548534.543388,0.00034809112548828125
request_processing,req:sm__STREAM:sm__DATA,1699548534.543453,3.645799006335437e-05
sfm_send_frame,TcpDriver,1699548534.651283,0.00036812498001381755
sent_msg_sizes,req:sm__STREAM:sm__DATA,1699548534.651341,0.00040435791015625
msg_travel,server.da1c729a-6d30-4772-adb2-5ccec75fe270#req:sm__STREAM:sm__DATA,1699548534.6551402,0.0008449554443359375
received_msg_sizes,req:sm__STREAM:sm__DATA,1699548534.655217,0.00034809112548828125
request_processing,req:sm__STREAM:sm__DATA,1699548534.655361,8.525000885128975e-05
sfm_send_frame,TcpDriver,1699548534.76458,0.0005171250086277723
sent_msg_sizes,req:sm__STREAM:sm__DATA,1699548534.764682,0.00040435791015625
msg_travel,server.da1c729a-6d30-4772-adb2-5ccec75fe270#req:sm__STREAM:sm__DATA,1699548534.7706418,0.0007851123809814453
received_msg_sizes,req:sm__STREAM:sm__DATA,1699548534.77071,0.00034809112548828125
request_processing,req:sm__STREAM:sm__DATA,1699548534.770844,7.558299694210291e-05
sfm_send_frame,TcpDriver,1699548534.879262,0.0005053750064689666
sent_msg_sizes,req:sm__STREAM:sm__DATA,1699548534.879416,0.00040435791015625
msg_travel,server.da1c729a-6d30-4772-adb2-5ccec75fe270#req:sm__STREAM:sm__DATA,1699548534.885278,0.0006902217864990234
received_msg_sizes,req:sm__STREAM:sm__DATA,1699548534.885355,0.00034809112548828125
request_processing,req:sm__STREAM:sm__DATA,1699548534.885495,8.016699575819075e-05
sfm_send_frame,TcpDriver,1699548534.990867,6.112499977461994e-05
sent_msg_sizes,req:sm__STREAM:sm__DATA,1699548534.990879,0.00040435791015625
msg_travel,server.da1c729a-6d30-4772-adb2-5ccec75fe270#req:sm__STREAM:sm__DATA,1699548534.992167,0.0003361701965332031
received_msg_sizes,req:sm__STREAM:sm__DATA,1699548534.99219,0.0008907318115234375
request_processing,req:sm__STREAM:sm__DATA,1699548534.9922419,3.416699473746121e-05
sfm_send_frame,TcpDriver,1699548536.456005,0.00012133299605920911
sent_msg_sizes,req:sm__STREAM:sm__DATA,1699548536.456036,0.00035381317138671875
msg_travel,server.da1c729a-6d30-4772-adb2-5ccec75fe270#req:sm__STREAM:sm__DATA,1699548536.459295,0.0007169246673583984
received_msg_sizes,req:sm__STREAM:sm__DATA,1699548536.4593668,0.0002727508544921875
request_processing,req:sm__STREAM:sm__DATA,1699548536.4595141,8.50000069476664e-05
sfm_send_frame,TcpDriver,1699548536.461437,8.116700337268412e-05
sent_msg_sizes,req:sm__STREAM:sm__DATA,1699548536.461462,0.00086212158203125
msg_travel,server.da1c729a-6d30-4772-adb2-5ccec75fe270#req:sm__STREAM:sm__DATA,1699548536.467173,0.0005700588226318359
received_msg_sizes,req:sm__STREAM:sm__DATA,1699548536.467225,9.5367431640625e-06
request_processing,req:sm__STREAM:sm__DATA,1699548536.467317,5.5208016419783235e-05
sfm_send_frame,TcpDriver,1699548536.572331,0.00013954102178104222
sent_msg_sizes,req:sm__STREAM:sm__DATA,1699548536.5723588,0.00040435791015625
msg_travel,server.da1c729a-6d30-4772-adb2-5ccec75fe270#req:sm__STREAM:sm__DATA,1699548536.575514,0.0006539821624755859
received_msg_sizes,req:sm__STREAM:sm__DATA,1699548536.575555,0.00034809112548828125
request_processing,req:sm__STREAM:sm__DATA,1699548536.575638,4.8999994760379195e-05
sfm_send_frame,TcpDriver,1699548536.686241,0.00010699999984353781
sent_msg_sizes,req:sm__STREAM:sm__DATA,1699548536.686275,0.00040435791015625
msg_travel,server.da1c729a-6d30-4772-adb2-5ccec75fe270#req:sm__STREAM:sm__DATA,1699548536.689837,0.0007102489471435547
received_msg_sizes,req:sm__STREAM:sm__DATA,1699548536.689905,0.00034809112548828125
request_processing,req:sm__STREAM:sm__DATA,1699548536.690034,7.375000859610736e-05
sfm_send_frame,TcpDriver,1699548536.801739,0.00014379198546521366
sent_msg_sizes,req:sm__STREAM:sm__DATA,1699548536.8017752,0.00040435791015625
msg_travel,server.da1c729a-6d30-4772-adb2-5ccec75fe270#req:sm__STREAM:sm__DATA,1699548536.805127,0.0007569789886474609
received_msg_sizes,req:sm__STREAM:sm__DATA,1699548536.805195,0.00034809112548828125
request_processing,req:sm__STREAM:sm__DATA,1699548536.805324,7.445798837579787e-05
sfm_send_frame,TcpDriver,1699548536.9152582,0.00012204100494273007
sent_msg_sizes,req:sm__STREAM:sm__DATA,1699548536.915288,0.00040435791015625
msg_travel,server.da1c729a-6d30-4772-adb2-5ccec75fe270#req:sm__STREAM:sm__DATA,1699548536.9195971,0.0009031295776367188
received_msg_sizes,req:sm__STREAM:sm__DATA,1699548536.919661,0.00034809112548828125
request_processing,req:sm__STREAM:sm__DATA,1699548536.919831,7.908398401923478e-05
sfm_send_frame,TcpDriver,1699548537.0296488,9.32500115595758e-05
sent_msg_sizes,req:sm__STREAM:sm__DATA,1699548537.0296772,0.00040435791015625
msg_travel,server.da1c729a-6d30-4772-adb2-5ccec75fe270#req:sm__STREAM:sm__DATA,1699548537.035823,0.0005218982696533203
received_msg_sizes,req:sm__STREAM:sm__DATA,1699548537.035873,0.0008907318115234375
request_processing,req:sm__STREAM:sm__DATA,1699548537.0359712,5.512498319149017e-05
sfm_send_frame,TcpDriver,1699548540.451925,9.633300942368805e-05
sent_msg_sizes,req:sm__STREAM:sm__DATA,1699548540.451961,0.00035381317138671875
msg_travel,server.da1c729a-6d30-4772-adb2-5ccec75fe270#req:sm__STREAM:sm__DATA,1699548540.456301,0.0005509853363037109
received_msg_sizes,req:sm__STREAM:sm__DATA,1699548540.456355,0.0002727508544921875
request_processing,req:sm__STREAM:sm__DATA,1699548540.456463,6.304198177531362e-05
sfm_send_frame,TcpDriver,1699548540.457661,6.629101699218154e-05
sent_msg_sizes,req:sm__STREAM:sm__DATA,1699548540.457682,0.00086212158203125
msg_travel,server.da1c729a-6d30-4772-adb2-5ccec75fe270#req:sm__STREAM:sm__DATA,1699548540.4636009,0.0004940032958984375
received_msg_sizes,req:sm__STREAM:sm__DATA,1699548540.4636438,9.5367431640625e-06
request_processing,req:sm__STREAM:sm__DATA,1699548540.463726,4.533398896455765e-05
sfm_send_frame,TcpDriver,1699548540.56705,0.0002693750138860196
sent_msg_sizes,req:sm__STREAM:sm__DATA,1699548540.5670998,0.00040435791015625
msg_travel,server.da1c729a-6d30-4772-adb2-5ccec75fe270#req:sm__STREAM:sm__DATA,1699548540.5744681,0.0006339550018310547
received_msg_sizes,req:sm__STREAM:sm__DATA,1699548540.574521,0.0008907318115234375
request_processing,req:sm__STREAM:sm__DATA,1699548540.574622,5.720800254493952e-05
sfm_send_frame,TcpDriver,1699548544.4248981,8.366600377485156e-05
sent_msg_sizes,req:sm__STREAM:sm__DATA,1699548544.424924,0.00035381317138671875
msg_travel,server.da1c729a-6d30-4772-adb2-5ccec75fe270#req:sm__STREAM:sm__DATA,1699548544.427218,0.0005450248718261719
received_msg_sizes,req:sm__STREAM:sm__DATA,1699548544.427273,0.0002727508544921875
request_processing,req:sm__STREAM:sm__DATA,1699548544.427379,5.904101999476552e-05
sfm_send_frame,TcpDriver,1699548544.428446,5.337499896995723e-05
sent_msg_sizes,req:sm__STREAM:sm__DATA,1699548544.428462,0.00086212158203125
msg_travel,server.da1c729a-6d30-4772-adb2-5ccec75fe270#req:sm__STREAM:sm__DATA,1699548544.4314299,0.0005271434783935547
received_msg_sizes,req:sm__STREAM:sm__DATA,1699548544.4314702,9.5367431640625e-06
request_processing,req:sm__STREAM:sm__DATA,1699548544.431545,4.445799277164042e-05
sfm_send_frame,TcpDriver,1699548544.53676,4.4208980398252606e-05
sent_msg_sizes,req:sm__STREAM:sm__DATA,1699548544.5367749,0.00040435791015625
msg_travel,server.da1c729a-6d30-4772-adb2-5ccec75fe270#req:sm__STREAM:sm__DATA,1699548544.538608,0.000335693359375
received_msg_sizes,req:sm__STREAM:sm__DATA,1699548544.538642,0.0008907318115234375
request_processing,req:sm__STREAM:sm__DATA,1699548544.538704,3.5124976420775056e-05
sfm_send_frame,TcpDriver,1699548546.4980679,0.00017233399557881057
sent_msg_sizes,req:sm__STREAM:sm__DATA,1699548546.4981,0.00035381317138671875
msg_travel,server.da1c729a-6d30-4772-adb2-5ccec75fe270#req:sm__STREAM:sm__DATA,1699548546.50064,0.0006582736968994141
received_msg_sizes,req:sm__STREAM:sm__DATA,1699548546.500691,0.0002727508544921875
request_processing,req:sm__STREAM:sm__DATA,1699548546.500787,5.495801451615989e-05
sfm_send_frame,TcpDriver,1699548546.5018492,5.741699715144932e-05
sent_msg_sizes,req:sm__STREAM:sm__DATA,1699548546.501863,0.00086212158203125
msg_travel,server.da1c729a-6d30-4772-adb2-5ccec75fe270#req:sm__STREAM:sm__DATA,1699548546.504808,0.0005202293395996094
received_msg_sizes,req:sm__STREAM:sm__DATA,1699548546.504856,9.5367431640625e-06
request_processing,req:sm__STREAM:sm__DATA,1699548546.5049448,5.0916976761072874e-05
sfm_send_frame,TcpDriver,1699548546.613426,0.00034887497895397246
sent_msg_sizes,req:sm__STREAM:sm__DATA,1699548546.6134999,0.00040435791015625
msg_travel,server.da1c729a-6d30-4772-adb2-5ccec75fe270#req:sm__STREAM:sm__DATA,1699548546.6182332,0.0007238388061523438
received_msg_sizes,req:sm__STREAM:sm__DATA,1699548546.618297,0.0008907318115234375
request_processing,req:sm__STREAM:sm__DATA,1699548546.6184142,6.120800389908254e-05
sfm_send_frame,TcpDriver,1699548550.455903,9.699998190626502e-05
sent_msg_sizes,req:sm__STREAM:sm__DATA,1699548550.455938,0.00035381317138671875
msg_travel,server.da1c729a-6d30-4772-adb2-5ccec75fe270#req:sm__STREAM:sm__DATA,1699548550.459336,0.0006468296051025391
received_msg_sizes,req:sm__STREAM:sm__DATA,1699548550.459397,0.0002727508544921875
request_processing,req:sm__STREAM:sm__DATA,1699548550.459518,7.19579984433949e-05
sfm_send_frame,TcpDriver,1699548550.4611032,6.558300810866058e-05
sent_msg_sizes,req:sm__STREAM:sm__DATA,1699548550.46112,0.00086212158203125
msg_travel,server.da1c729a-6d30-4772-adb2-5ccec75fe270#req:sm__STREAM:sm__DATA,1699548550.4641259,0.0005168914794921875
received_msg_sizes,req:sm__STREAM:sm__DATA,1699548550.4641652,9.5367431640625e-06
request_processing,req:sm__STREAM:sm__DATA,1699548550.464244,4.549999721348286e-05
sfm_send_frame,TcpDriver,1699548550.566101,4.800001624971628e-05
sent_msg_sizes,req:sm__STREAM:sm__DATA,1699548550.566117,0.00040435791015625
msg_travel,server.da1c729a-6d30-4772-adb2-5ccec75fe270#req:sm__STREAM:sm__DATA,1699548550.5673542,0.0003578662872314453
received_msg_sizes,req:sm__STREAM:sm__DATA,1699548550.56738,0.00034809112548828125
request_processing,req:sm__STREAM:sm__DATA,1699548550.5674298,2.766601392067969e-05
sfm_send_frame,TcpDriver,1699548550.673342,9.262500680051744e-05
sent_msg_sizes,req:sm__STREAM:sm__DATA,1699548550.673368,0.00040435791015625
msg_travel,server.da1c729a-6d30-4772-adb2-5ccec75fe270#req:sm__STREAM:sm__DATA,1699548550.674783,0.0002970695495605469
received_msg_sizes,req:sm__STREAM:sm__DATA,1699548550.674809,0.00034809112548828125
request_processing,req:sm__STREAM:sm__DATA,1699548550.674859,2.8833019314333797e-05
sfm_send_frame,TcpDriver,1699548550.777764,9.479199070483446e-05
sent_msg_sizes,req:sm__STREAM:sm__DATA,1699548550.777795,0.00040435791015625
msg_travel,server.da1c729a-6d30-4772-adb2-5ccec75fe270#req:sm__STREAM:sm__DATA,1699548550.780253,0.0005888938903808594
received_msg_sizes,req:sm__STREAM:sm__DATA,1699548550.780297,0.00034809112548828125
request_processing,req:sm__STREAM:sm__DATA,1699548550.780401,6.408299668692052e-05
sfm_send_frame,TcpDriver,1699548550.88632,8.845899719744921e-05
sent_msg_sizes,req:sm__STREAM:sm__DATA,1699548550.886348,0.00040435791015625
msg_travel,server.da1c729a-6d30-4772-adb2-5ccec75fe270#req:sm__STREAM:sm__DATA,1699548550.88924,0.0007770061492919922
received_msg_sizes,req:sm__STREAM:sm__DATA,1699548550.889311,0.00034809112548828125
request_processing,req:sm__STREAM:sm__DATA,1699548550.889457,8.441600948572159e-05
sfm_send_frame,TcpDriver,1699548550.997298,9.370801853947341e-05
sent_msg_sizes,req:sm__STREAM:sm__DATA,1699548550.997329,0.00040435791015625
msg_travel,server.da1c729a-6d30-4772-adb2-5ccec75fe270#req:sm__STREAM:sm__DATA,1699548551.000006,0.0008420944213867188
received_msg_sizes,req:sm__STREAM:sm__DATA,1699548551.000073,0.00034809112548828125
request_processing,req:sm__STREAM:sm__DATA,1699548551.000214,8.450000314041972e-05
sfm_send_frame,TcpDriver,1699548551.1083798,0.00010299999848939478
sent_msg_sizes,req:sm__STREAM:sm__DATA,1699548551.1084049,0.00040435791015625
msg_travel,server.da1c729a-6d30-4772-adb2-5ccec75fe270#req:sm__STREAM:sm__DATA,1699548551.111671,0.0006468296051025391
received_msg_sizes,req:sm__STREAM:sm__DATA,1699548551.111715,0.0008907318115234375
request_processing,req:sm__STREAM:sm__DATA,1699548551.1118112,5.8959005400538445e-05
sfm_send_frame,TcpDriver,1699548554.529515,8.787499973550439e-05
sent_msg_sizes,req:sm__STREAM:sm__DATA,1699548554.529536,0.00035381317138671875
msg_travel,server.da1c729a-6d30-4772-adb2-5ccec75fe270#req:sm__STREAM:sm__DATA,1699548554.5314329,0.00047278404235839844
received_msg_sizes,req:sm__STREAM:sm__DATA,1699548554.531477,0.0002727508544921875
request_processing,req:sm__STREAM:sm__DATA,1699548554.5315561,4.441698547452688e-05
sfm_send_frame,TcpDriver,1699548554.532471,5.270799738354981e-05
sent_msg_sizes,req:sm__STREAM:sm__DATA,1699548554.532487,0.00086212158203125
msg_travel,server.da1c729a-6d30-4772-adb2-5ccec75fe270#req:sm__STREAM:sm__DATA,1699548554.535409,0.0005140304565429688
received_msg_sizes,req:sm__STREAM:sm__DATA,1699548554.535448,9.5367431640625e-06
request_processing,req:sm__STREAM:sm__DATA,1699548554.535522,4.295801045373082e-05
sfm_send_frame,TcpDriver,1699548554.641441,5.2207993576303124e-05
sent_msg_sizes,req:sm__STREAM:sm__DATA,1699548554.641458,0.00040435791015625
msg_travel,server.da1c729a-6d30-4772-adb2-5ccec75fe270#req:sm__STREAM:sm__DATA,1699548554.644188,0.0006589889526367188
received_msg_sizes,req:sm__STREAM:sm__DATA,1699548554.64424,0.0008907318115234375
request_processing,req:sm__STREAM:sm__DATA,1699548554.644326,4.808299127034843e-05
sfm_send_frame,TcpDriver,1699548556.429975,0.00033441701089031994
sent_msg_sizes,req:sm__STREAM:sm__DATA,1699548556.430042,0.000308990478515625
sfm_send_frame,TcpDriver,1699548556.516775,5.862500984221697e-05
sent_msg_sizes,req:sm__STREAM:sm__DATA,1699548556.516791,0.00035381317138671875
msg_travel,server.da1c729a-6d30-4772-adb2-5ccec75fe270#req:sm__STREAM:sm__DATA,1699548556.51827,0.00038814544677734375
received_msg_sizes,req:sm__STREAM:sm__DATA,1699548556.5182998,0.0002727508544921875
request_processing,req:sm__STREAM:sm__DATA,1699548556.518354,3.05419962387532e-05
sfm_send_frame,TcpDriver,1699548556.519084,3.891700180247426e-05
sent_msg_sizes,req:sm__STREAM:sm__DATA,1699548556.519097,0.00086212158203125
msg_travel,server.da1c729a-6d30-4772-adb2-5ccec75fe270#req:sm__STREAM:sm__DATA,1699548556.521058,0.0003459453582763672
received_msg_sizes,req:sm__STREAM:sm__DATA,1699548556.5210829,9.5367431640625e-06
request_processing,req:sm__STREAM:sm__DATA,1699548556.521128,2.479099202901125e-05
sfm_send_frame,TcpDriver,1699548556.6292841,0.0003036250127479434
sent_msg_sizes,req:sm__STREAM:sm__DATA,1699548556.629348,0.00040435791015625
msg_travel,server.da1c729a-6d30-4772-adb2-5ccec75fe270#req:sm__STREAM:sm__DATA,1699548556.6329339,0.0008559226989746094
received_msg_sizes,req:sm__STREAM:sm__DATA,1699548556.6330109,0.00034809112548828125
request_processing,req:sm__STREAM:sm__DATA,1699548556.633159,8.658398292027414e-05
sfm_send_frame,TcpDriver,1699548556.741618,0.0003824159794021398
sent_msg_sizes,req:sm__STREAM:sm__DATA,1699548556.741697,0.00040435791015625
msg_travel,server.da1c729a-6d30-4772-adb2-5ccec75fe270#req:sm__STREAM:sm__DATA,1699548556.745297,0.0008738040924072266
received_msg_sizes,req:sm__STREAM:sm__DATA,1699548556.745376,0.00034809112548828125
request_processing,req:sm__STREAM:sm__DATA,1699548556.74552,8.150000940077007e-05
sfm_send_frame,TcpDriver,1699548556.853311,0.00033108299248851836
sent_msg_sizes,req:sm__STREAM:sm__DATA,1699548556.853385,0.00040435791015625
msg_travel,server.da1c729a-6d30-4772-adb2-5ccec75fe270#req:sm__STREAM:sm__DATA,1699548556.856736,0.0007119178771972656
received_msg_sizes,req:sm__STREAM:sm__DATA,1699548556.8567932,0.00034809112548828125
request_processing,req:sm__STREAM:sm__DATA,1699548556.8586922,7.070798892527819e-05
sfm_send_frame,TcpDriver,1699548556.964512,0.0003770420153159648
sent_msg_sizes,req:sm__STREAM:sm__DATA,1699548556.9646149,0.00040435791015625
msg_travel,server.da1c729a-6d30-4772-adb2-5ccec75fe270#req:sm__STREAM:sm__DATA,1699548556.968197,0.0007071495056152344
received_msg_sizes,req:sm__STREAM:sm__DATA,1699548556.9682539,0.00034809112548828125
request_processing,req:sm__STREAM:sm__DATA,1699548556.968369,6.754198693670332e-05
sfm_send_frame,TcpDriver,1699548557.076896,0.000495915999636054
sent_msg_sizes,req:sm__STREAM:sm__DATA,1699548557.076978,0.00040435791015625
msg_travel,server.da1c729a-6d30-4772-adb2-5ccec75fe270#req:sm__STREAM:sm__DATA,1699548557.0806541,0.0007131099700927734
received_msg_sizes,req:sm__STREAM:sm__DATA,1699548557.080726,0.00034809112548828125
request_processing,req:sm__STREAM:sm__DATA,1699548557.080862,7.858398021198809e-05
sfm_send_frame,TcpDriver,1699548557.187837,0.0004105829866603017
sent_msg_sizes,req:sm__STREAM:sm__DATA,1699548557.187922,0.00040435791015625
msg_travel,server.da1c729a-6d30-4772-adb2-5ccec75fe270#req:sm__STREAM:sm__DATA,1699548557.190594,0.000476837158203125
received_msg_sizes,req:sm__STREAM:sm__DATA,1699548557.1906319,0.00034809112548828125
request_processing,req:sm__STREAM:sm__DATA,1699548557.190711,4.3249980080872774e-05
sfm_send_frame,TcpDriver,1699548557.298771,0.00036141599412076175
sent_msg_sizes,req:sm__STREAM:sm__DATA,1699548557.2988539,0.00040435791015625
msg_travel,server.da1c729a-6d30-4772-adb2-5ccec75fe270#req:sm__STREAM:sm__DATA,1699548557.302372,0.0007338523864746094
received_msg_sizes,req:sm__STREAM:sm__DATA,1699548557.3024309,0.00034809112548828125
request_processing,req:sm__STREAM:sm__DATA,1699548557.302539,6.337501690723002e-05
sfm_send_frame,TcpDriver,1699548557.410552,0.00034241698449477553
sent_msg_sizes,req:sm__STREAM:sm__DATA,1699548557.410636,0.00040435791015625
msg_travel,server.da1c729a-6d30-4772-adb2-5ccec75fe270#req:sm__STREAM:sm__DATA,1699548557.4142342,0.0008440017700195312
received_msg_sizes,req:sm__STREAM:sm__DATA,1699548557.414312,0.00034809112548828125
request_processing,req:sm__STREAM:sm__DATA,1699548557.4144561,8.133301162160933e-05
sfm_send_frame,TcpDriver,1699548557.52218,0.0003942500043194741
sent_msg_sizes,req:sm__STREAM:sm__DATA,1699548557.522229,0.00040435791015625
msg_travel,server.da1c729a-6d30-4772-adb2-5ccec75fe270#req:sm__STREAM:sm__DATA,1699548557.526029,0.0008273124694824219
received_msg_sizes,req:sm__STREAM:sm__DATA,1699548557.5261052,0.00034809112548828125
request_processing,req:sm__STREAM:sm__DATA,1699548557.526239,7.749997894279659e-05
msg_travel,server.da1c729a-6d30-4772-adb2-5ccec75fe270#req:sm__STREAM:sm__DATA,1699548557.617207,0.0012209415435791016
received_msg_sizes,req:sm__STREAM:sm__DATA,1699548557.617285,0.0001983642578125
request_processing,req:sm__STREAM:sm__DATA,1699548557.61744,8.458300726488233e-05
sfm_send_frame,TcpDriver,1699548557.635045,9.108398808166385e-05
sent_msg_sizes,req:cellnet.channel:bye,1699548557.635079,0.0
sfm_send_frame,TcpDriver,1699548557.635168,4.483401426114142e-05
sent_msg_sizes,req:cellnet.channel:bye,1699548557.635185,0.0
msg_travel,server#reply:cellnet.channel:bye,1699548557.635859,0.0002651214599609375
received_msg_sizes,reply:cellnet.channel:bye,1699548557.635919,0.0
request_response,reply:cellnet.channel:bye,1699548557.635974,0.0011150836944580078
msg_travel,b1#reply:cellnet.channel:bye,1699548557.63616,0.00043129920959472656
received_msg_sizes,reply:cellnet.channel:bye,1699548557.636205,0.0
request_response,reply:cellnet.channel:bye,1699548557.636241,0.001394033432006836
