sfm_send_frame,TcpDriver,1699548525.801476,8.545798482373357e-05
sent_msg_sizes@a1.da1c729a-6d30-4772-adb2-5ccec75fe270,req:server_parent_listener:get_clients,1699548525.801501,9.5367431640625e-06
msg_travel@a1.da1c729a-6d30-4772-adb2-5ccec75fe270,server#reply:server_parent_listener:get_clients,1699548525.802034,0.00019311904907226562
received_msg_sizes@a1.da1c729a-6d30-4772-adb2-5ccec75fe270,reply:server_parent_listener:get_clients,1699548525.802062,0.0004062652587890625
request_response@a1.da1c729a-6d30-4772-adb2-5ccec75fe270,reply:server_parent_listener:get_clients,1699548525.8021162,0.0022971630096435547
sfm_send_frame,TcpDriver,1699548526.314066,0.00017441701493225992
sent_msg_sizes@a1.da1c729a-6d30-4772-adb2-5ccec75fe270,req:sm__STREAM:sm__DATA,1699548526.314114,0.0003070831298828125
msg_travel@a1.da1c729a-6d30-4772-adb2-5ccec75fe270,server.da1c729a-6d30-4772-adb2-5ccec75fe270#req:sm__STREAM:sm__DATA,1699548526.31883,0.0007307529449462891
received_msg_sizes@a1.da1c729a-6d30-4772-adb2-5ccec75fe270,req:sm__STREAM:sm__DATA,1699548526.318911,0.0002727508544921875
request_processing@a1.da1c729a-6d30-4772-adb2-5ccec75fe270,req:sm__STREAM:sm__DATA,1699548526.319105,9.583300561644137e-05
sfm_send_frame,TcpDriver,1699548526.326231,0.000592165975831449
sent_msg_sizes@a1.da1c729a-6d30-4772-adb2-5ccec75fe270,req:sm__STREAM:sm__DATA,1699548526.326256,0.000308990478515625
sfm_send_frame,TcpDriver,1699548526.326453,4.449998959898949e-05
sent_msg_sizes@a1.da1c729a-6d30-4772-adb2-5ccec75fe270,req:sm__STREAM:sm__DATA,1699548526.326466,0.00040435791015625
msg_travel@a1.da1c729a-6d30-4772-adb2-5ccec75fe270,server.da1c729a-6d30-4772-adb2-5ccec75fe270#req:sm__STREAM:sm__DATA,1699548526.333438,0.0005140304565429688
received_msg_sizes@a1.da1c729a-6d30-4772-adb2-5ccec75fe270,req:sm__STREAM:sm__DATA,1699548526.333493,0.0008907318115234375
request_processing@a1.da1c729a-6d30-4772-adb2-5ccec75fe270,req:sm__STREAM:sm__DATA,1699548526.33359,5.804098327644169e-05
sfm_send_frame,TcpDriver,1699548526.843688,0.0005369999853428453
sent_msg_sizes,req:cell_pipe.task:train,1699548526.8438148,0.0009860992431640625
msg_travel,site_a_da1c729a-6d30-4772-adb2-5ccec75fe270_active#reply:cell_pipe.task:train,1699548526.852981,0.001046895980834961
received_msg_sizes,reply:cell_pipe.task:train,1699548526.853058,0.0
request_response,reply:cell_pipe.task:train,1699548526.853121,0.517693042755127
msg_travel,site_a_da1c729a-6d30-4772-adb2-5ccec75fe270_active#req:cell_pipe.task:train,1699548527.213226,0.0009558200836181641
received_msg_sizes,req:cell_pipe.task:train,1699548527.213724,0.000339508056640625
request_processing,req:cell_pipe.task:train,1699548527.2154438,7.454099250026047e-05
sfm_send_frame,TcpDriver,1699548527.215654,0.00012516701826825738
sent_msg_sizes,reply:cell_pipe.task:train,1699548527.215678,0.0
sfm_send_frame,TcpDriver,1699548528.417899,0.00012770897592417896
sent_msg_sizes@a1.da1c729a-6d30-4772-adb2-5ccec75fe270,req:sm__STREAM:sm__DATA,1699548528.4179451,0.00035381317138671875
msg_travel@a1.da1c729a-6d30-4772-adb2-5ccec75fe270,server.da1c729a-6d30-4772-adb2-5ccec75fe270#req:sm__STREAM:sm__DATA,1699548528.420167,0.0006189346313476562
received_msg_sizes@a1.da1c729a-6d30-4772-adb2-5ccec75fe270,req:sm__STREAM:sm__DATA,1699548528.420235,0.0002727508544921875
request_processing@a1.da1c729a-6d30-4772-adb2-5ccec75fe270,req:sm__STREAM:sm__DATA,1699548528.420348,6.562500493600965e-05
sfm_send_frame,TcpDriver,1699548528.4213388,4.6083005145192146e-05
sent_msg_sizes@a1.da1c729a-6d30-4772-adb2-5ccec75fe270,req:sm__STREAM:sm__DATA,1699548528.421354,0.0008478164672851562
msg_travel@a1.da1c729a-6d30-4772-adb2-5ccec75fe270,server.da1c729a-6d30-4772-adb2-5ccec75fe270#req:sm__STREAM:sm__DATA,1699548528.424112,0.00043487548828125
received_msg_sizes@a1.da1c729a-6d30-4772-adb2-5ccec75fe270,req:sm__STREAM:sm__DATA,1699548528.424151,9.5367431640625e-06
request_processing@a1.da1c729a-6d30-4772-adb2-5ccec75fe270,req:sm__STREAM:sm__DATA,1699548528.4242198,3.862500307150185e-05
sfm_send_frame,TcpDriver,1699548528.527067,0.00024870902416296303
sent_msg_sizes@a1.da1c729a-6d30-4772-adb2-5ccec75fe270,req:sm__STREAM:sm__DATA,1699548528.5271301,0.00040435791015625
msg_travel@a1.da1c729a-6d30-4772-adb2-5ccec75fe270,server.da1c729a-6d30-4772-adb2-5ccec75fe270#req:sm__STREAM:sm__DATA,1699548528.53105,0.00044989585876464844
received_msg_sizes@a1.da1c729a-6d30-4772-adb2-5ccec75fe270,req:sm__STREAM:sm__DATA,1699548528.5310872,0.00034809112548828125
request_processing@a1.da1c729a-6d30-4772-adb2-5ccec75fe270,req:sm__STREAM:sm__DATA,1699548528.531167,4.6833010856062174e-05
sfm_send_frame,TcpDriver,1699548528.638913,0.00036624999484047294
sent_msg_sizes@a1.da1c729a-6d30-4772-adb2-5ccec75fe270,req:sm__STREAM:sm__DATA,1699548528.638985,0.00040435791015625
msg_travel@a1.da1c729a-6d30-4772-adb2-5ccec75fe270,server.da1c729a-6d30-4772-adb2-5ccec75fe270#req:sm__STREAM:sm__DATA,1699548528.6443079,0.0005970001220703125
received_msg_sizes@a1.da1c729a-6d30-4772-adb2-5ccec75fe270,req:sm__STREAM:sm__DATA,1699548528.6443882,0.00034809112548828125
request_processing@a1.da1c729a-6d30-4772-adb2-5ccec75fe270,req:sm__STREAM:sm__DATA,1699548528.6445508,0.00010099998326040804
sfm_send_frame,TcpDriver,1699548528.7518358,0.00038587499875575304
sent_msg_sizes@a1.da1c729a-6d30-4772-adb2-5ccec75fe270,req:sm__STREAM:sm__DATA,1699548528.751905,0.00040435791015625
msg_travel@a1.da1c729a-6d30-4772-adb2-5ccec75fe270,server.da1c729a-6d30-4772-adb2-5ccec75fe270#req:sm__STREAM:sm__DATA,1699548528.7569568,0.0007708072662353516
received_msg_sizes@a1.da1c729a-6d30-4772-adb2-5ccec75fe270,req:sm__STREAM:sm__DATA,1699548528.757038,0.00034809112548828125
request_processing@a1.da1c729a-6d30-4772-adb2-5ccec75fe270,req:sm__STREAM:sm__DATA,1699548528.757199,8.55830148793757e-05
sfm_send_frame,TcpDriver,1699548528.864508,0.0001898749906104058
sent_msg_sizes@a1.da1c729a-6d30-4772-adb2-5ccec75fe270,req:sm__STREAM:sm__DATA,1699548528.8645692,0.00040435791015625
msg_travel@a1.da1c729a-6d30-4772-adb2-5ccec75fe270,server.da1c729a-6d30-4772-adb2-5ccec75fe270#req:sm__STREAM:sm__DATA,1699548528.870581,0.0007228851318359375
received_msg_sizes@a1.da1c729a-6d30-4772-adb2-5ccec75fe270,req:sm__STREAM:sm__DATA,1699548528.87065,0.00034809112548828125
request_processing@a1.da1c729a-6d30-4772-adb2-5ccec75fe270,req:sm__STREAM:sm__DATA,1699548528.870794,8.545900345779955e-05
sfm_send_frame,TcpDriver,1699548528.97956,0.0008347500115633011
sent_msg_sizes@a1.da1c729a-6d30-4772-adb2-5ccec75fe270,req:sm__STREAM:sm__DATA,1699548528.979646,0.00040435791015625
msg_travel@a1.da1c729a-6d30-4772-adb2-5ccec75fe270,server.da1c729a-6d30-4772-adb2-5ccec75fe270#req:sm__STREAM:sm__DATA,1699548528.985013,0.0004520416259765625
received_msg_sizes@a1.da1c729a-6d30-4772-adb2-5ccec75fe270,req:sm__STREAM:sm__DATA,1699548528.985045,0.0008907318115234375
request_processing@a1.da1c729a-6d30-4772-adb2-5ccec75fe270,req:sm__STREAM:sm__DATA,1699548528.9851031,3.270801971666515e-05
sfm_send_frame,TcpDriver,1699548528.986017,3.416699473746121e-05
sent_msg_sizes,req:cell_pipe.task:train,1699548528.9860249,0.0009860992431640625
msg_travel,site_a_da1c729a-6d30-4772-adb2-5ccec75fe270_active#reply:cell_pipe.task:train,1699548528.986592,0.0001659393310546875
received_msg_sizes,reply:cell_pipe.task:train,1699548528.986631,0.0
request_response,reply:cell_pipe.task:train,1699548528.986656,0.0007679462432861328
msg_travel,site_a_da1c729a-6d30-4772-adb2-5ccec75fe270_active#req:cell_pipe.task:train,1699548529.376768,0.0006258487701416016
received_msg_sizes,req:cell_pipe.task:train,1699548529.376828,0.000339508056640625
request_processing,req:cell_pipe.task:train,1699548529.3773031,3.879200085066259e-05
sfm_send_frame,TcpDriver,1699548529.377394,4.800001624971628e-05
sent_msg_sizes,reply:cell_pipe.task:train,1699548529.3774028,0.0
sfm_send_frame,TcpDriver,1699548530.431506,0.00011966697638854384
sent_msg_sizes@a1.da1c729a-6d30-4772-adb2-5ccec75fe270,req:sm__STREAM:sm__DATA,1699548530.4315462,0.00035381317138671875
msg_travel@a1.da1c729a-6d30-4772-adb2-5ccec75fe270,server.da1c729a-6d30-4772-adb2-5ccec75fe270#req:sm__STREAM:sm__DATA,1699548530.434786,0.0006668567657470703
received_msg_sizes@a1.da1c729a-6d30-4772-adb2-5ccec75fe270,req:sm__STREAM:sm__DATA,1699548530.4349802,0.0002727508544921875
request_processing@a1.da1c729a-6d30-4772-adb2-5ccec75fe270,req:sm__STREAM:sm__DATA,1699548530.435088,6.083300104364753e-05
sfm_send_frame,TcpDriver,1699548530.436266,5.566701292991638e-05
sent_msg_sizes@a1.da1c729a-6d30-4772-adb2-5ccec75fe270,req:sm__STREAM:sm__DATA,1699548530.4362829,0.00086212158203125
msg_travel@a1.da1c729a-6d30-4772-adb2-5ccec75fe270,server.da1c729a-6d30-4772-adb2-5ccec75fe270#req:sm__STREAM:sm__DATA,1699548530.440407,0.0006339550018310547
received_msg_sizes@a1.da1c729a-6d30-4772-adb2-5ccec75fe270,req:sm__STREAM:sm__DATA,1699548530.44046,9.5367431640625e-06
request_processing@a1.da1c729a-6d30-4772-adb2-5ccec75fe270,req:sm__STREAM:sm__DATA,1699548530.440557,5.76250022277236e-05
sfm_send_frame,TcpDriver,1699548530.551093,0.0005091250059194863
sent_msg_sizes@a1.da1c729a-6d30-4772-adb2-5ccec75fe270,req:sm__STREAM:sm__DATA,1699548530.5511749,0.00040435791015625
msg_travel@a1.da1c729a-6d30-4772-adb2-5ccec75fe270,server.da1c729a-6d30-4772-adb2-5ccec75fe270#req:sm__STREAM:sm__DATA,1699548530.553955,0.0006642341613769531
received_msg_sizes@a1.da1c729a-6d30-4772-adb2-5ccec75fe270,req:sm__STREAM:sm__DATA,1699548530.554035,0.00034809112548828125
request_processing@a1.da1c729a-6d30-4772-adb2-5ccec75fe270,req:sm__STREAM:sm__DATA,1699548530.554194,9.662500815466046e-05
msg_travel,site_a_da1c729a-6d30-4772-adb2-5ccec75fe270_active#req:cell_pipe.task:_HEARTBEAT_,1699548530.639453,0.001110076904296875
received_msg_sizes,req:cell_pipe.task:_HEARTBEAT_,1699548530.6395829,9.5367431640625e-06
request_processing,req:cell_pipe.task:_HEARTBEAT_,1699548530.639942,0.00020212502568028867
sfm_send_frame,TcpDriver,1699548530.6402822,0.00016862500342540443
sent_msg_sizes,reply:cell_pipe.task:_HEARTBEAT_,1699548530.640322,0.0
sfm_send_frame,TcpDriver,1699548530.664008,9.520800085738301e-05
sent_msg_sizes@a1.da1c729a-6d30-4772-adb2-5ccec75fe270,req:sm__STREAM:sm__DATA,1699548530.664042,0.00040435791015625
msg_travel@a1.da1c729a-6d30-4772-adb2-5ccec75fe270,server.da1c729a-6d30-4772-adb2-5ccec75fe270#req:sm__STREAM:sm__DATA,1699548530.666857,0.0007250308990478516
received_msg_sizes@a1.da1c729a-6d30-4772-adb2-5ccec75fe270,req:sm__STREAM:sm__DATA,1699548530.6669078,0.00034809112548828125
request_processing@a1.da1c729a-6d30-4772-adb2-5ccec75fe270,req:sm__STREAM:sm__DATA,1699548530.667014,6.0874997870996594e-05
sfm_send_frame,TcpDriver,1699548530.7735522,0.00015908299246802926
sent_msg_sizes@a1.da1c729a-6d30-4772-adb2-5ccec75fe270,req:sm__STREAM:sm__DATA,1699548530.773591,0.00040435791015625
msg_travel@a1.da1c729a-6d30-4772-adb2-5ccec75fe270,server.da1c729a-6d30-4772-adb2-5ccec75fe270#req:sm__STREAM:sm__DATA,1699548530.778028,0.0012149810791015625
received_msg_sizes@a1.da1c729a-6d30-4772-adb2-5ccec75fe270,req:sm__STREAM:sm__DATA,1699548530.7781,0.00034809112548828125
request_processing@a1.da1c729a-6d30-4772-adb2-5ccec75fe270,req:sm__STREAM:sm__DATA,1699548530.778236,8.112500654533505e-05
sfm_send_frame,TcpDriver,1699548530.888582,0.00011716701555997133
sent_msg_sizes@a1.da1c729a-6d30-4772-adb2-5ccec75fe270,req:sm__STREAM:sm__DATA,1699548530.8886101,0.00040435791015625
msg_travel@a1.da1c729a-6d30-4772-adb2-5ccec75fe270,server.da1c729a-6d30-4772-adb2-5ccec75fe270#req:sm__STREAM:sm__DATA,1699548530.892992,0.0007328987121582031
received_msg_sizes@a1.da1c729a-6d30-4772-adb2-5ccec75fe270,req:sm__STREAM:sm__DATA,1699548530.893049,0.00034809112548828125
request_processing@a1.da1c729a-6d30-4772-adb2-5ccec75fe270,req:sm__STREAM:sm__DATA,1699548530.893164,6.804100121371448e-05
sfm_send_frame,TcpDriver,1699548531.0023081,0.00011216700659133494
sent_msg_sizes@a1.da1c729a-6d30-4772-adb2-5ccec75fe270,req:sm__STREAM:sm__DATA,1699548531.002343,0.00040435791015625
msg_travel@a1.da1c729a-6d30-4772-adb2-5ccec75fe270,server.da1c729a-6d30-4772-adb2-5ccec75fe270#req:sm__STREAM:sm__DATA,1699548531.006628,0.0003421306610107422
received_msg_sizes@a1.da1c729a-6d30-4772-adb2-5ccec75fe270,req:sm__STREAM:sm__DATA,1699548531.0066612,0.0008907318115234375
request_processing@a1.da1c729a-6d30-4772-adb2-5ccec75fe270,req:sm__STREAM:sm__DATA,1699548531.0067258,3.975001163780689e-05
sfm_send_frame,TcpDriver,1699548531.0077171,2.8332986403256655e-05
sent_msg_sizes,req:cell_pipe.task:train,1699548531.0077262,0.0009860992431640625
msg_travel,site_a_da1c729a-6d30-4772-adb2-5ccec75fe270_active#reply:cell_pipe.task:train,1699548531.008269,0.00018525123596191406
received_msg_sizes,reply:cell_pipe.task:train,1699548531.008289,0.0
request_response,reply:cell_pipe.task:train,1699548531.008304,0.0007047653198242188
msg_travel,site_a_da1c729a-6d30-4772-adb2-5ccec75fe270_active#req:cell_pipe.task:train,1699548531.3404071,0.0003070831298828125
received_msg_sizes,req:cell_pipe.task:train,1699548531.34044,0.000339508056640625
request_processing,req:cell_pipe.task:train,1699548531.340708,2.2958003683015704e-05
sfm_send_frame,TcpDriver,1699548531.340781,4.3625012040138245e-05
sent_msg_sizes,reply:cell_pipe.task:train,1699548531.340788,0.0
sfm_send_frame,TcpDriver,1699548532.345417,0.0006293749902397394
sent_msg_sizes,req:cell_pipe.task:_HEARTBEAT_,1699548532.345495,9.5367431640625e-06
msg_travel,site_a_da1c729a-6d30-4772-adb2-5ccec75fe270_active#reply:cell_pipe.task:_HEARTBEAT_,1699548532.34707,0.0003609657287597656
received_msg_sizes,reply:cell_pipe.task:_HEARTBEAT_,1699548532.3471491,0.0
request_response,reply:cell_pipe.task:_HEARTBEAT_,1699548532.3472042,0.0027871131896972656
sfm_send_frame,TcpDriver,1699548534.433856,9.575000149197876e-05
sent_msg_sizes@a1.da1c729a-6d30-4772-adb2-5ccec75fe270,req:sm__STREAM:sm__DATA,1699548534.433884,0.00035381317138671875
msg_travel@a1.da1c729a-6d30-4772-adb2-5ccec75fe270,server.da1c729a-6d30-4772-adb2-5ccec75fe270#req:sm__STREAM:sm__DATA,1699548534.435771,0.0005562305450439453
received_msg_sizes@a1.da1c729a-6d30-4772-adb2-5ccec75fe270,req:sm__STREAM:sm__DATA,1699548534.4358232,0.0002727508544921875
request_processing@a1.da1c729a-6d30-4772-adb2-5ccec75fe270,req:sm__STREAM:sm__DATA,1699548534.435929,6.17500045336783e-05
sfm_send_frame,TcpDriver,1699548534.436925,5.283299833536148e-05
sent_msg_sizes@a1.da1c729a-6d30-4772-adb2-5ccec75fe270,req:sm__STREAM:sm__DATA,1699548534.436942,0.00086212158203125
msg_travel@a1.da1c729a-6d30-4772-adb2-5ccec75fe270,server.da1c729a-6d30-4772-adb2-5ccec75fe270#req:sm__STREAM:sm__DATA,1699548534.43985,0.0004680156707763672
received_msg_sizes@a1.da1c729a-6d30-4772-adb2-5ccec75fe270,req:sm__STREAM:sm__DATA,1699548534.43989,9.5367431640625e-06
request_processing@a1.da1c729a-6d30-4772-adb2-5ccec75fe270,req:sm__STREAM:sm__DATA,1699548534.439965,4.362498293630779e-05
sfm_send_frame,TcpDriver,1699548534.546687,9.970899554900825e-05
sent_msg_sizes@a1.da1c729a-6d30-4772-adb2-5ccec75fe270,req:sm__STREAM:sm__DATA,1699548534.546718,0.00040435791015625
msg_travel@a1.da1c729a-6d30-4772-adb2-5ccec75fe270,server.da1c729a-6d30-4772-adb2-5ccec75fe270#req:sm__STREAM:sm__DATA,1699548534.5491881,0.00037026405334472656
received_msg_sizes@a1.da1c729a-6d30-4772-adb2-5ccec75fe270,req:sm__STREAM:sm__DATA,1699548534.549223,0.00034809112548828125
request_processing@a1.da1c729a-6d30-4772-adb2-5ccec75fe270,req:sm__STREAM:sm__DATA,1699548534.5492961,4.366601933725178e-05
sfm_send_frame,TcpDriver,1699548534.655482,0.00010216701775789261
sent_msg_sizes@a1.da1c729a-6d30-4772-adb2-5ccec75fe270,req:sm__STREAM:sm__DATA,1699548534.655516,0.00040435791015625
msg_travel@a1.da1c729a-6d30-4772-adb2-5ccec75fe270,server.da1c729a-6d30-4772-adb2-5ccec75fe270#req:sm__STREAM:sm__DATA,1699548534.657538,0.0005450248718261719
received_msg_sizes@a1.da1c729a-6d30-4772-adb2-5ccec75fe270,req:sm__STREAM:sm__DATA,1699548534.6575942,0.00034809112548828125
request_processing@a1.da1c729a-6d30-4772-adb2-5ccec75fe270,req:sm__STREAM:sm__DATA,1699548534.657696,5.8833014918491244e-05
sfm_send_frame,TcpDriver,1699548534.7656739,0.00022712498321197927
sent_msg_sizes@a1.da1c729a-6d30-4772-adb2-5ccec75fe270,req:sm__STREAM:sm__DATA,1699548534.765737,0.00040435791015625
msg_travel@a1.da1c729a-6d30-4772-adb2-5ccec75fe270,server.da1c729a-6d30-4772-adb2-5ccec75fe270#req:sm__STREAM:sm__DATA,1699548534.770934,0.0008578300476074219
received_msg_sizes@a1.da1c729a-6d30-4772-adb2-5ccec75fe270,req:sm__STREAM:sm__DATA,1699548534.771009,0.00034809112548828125
request_processing@a1.da1c729a-6d30-4772-adb2-5ccec75fe270,req:sm__STREAM:sm__DATA,1699548534.771167,9.087499347515404e-05
sfm_send_frame,TcpDriver,1699548534.879424,0.00031300002592615783
sent_msg_sizes@a1.da1c729a-6d30-4772-adb2-5ccec75fe270,req:sm__STREAM:sm__DATA,1699548534.879492,0.00040435791015625
msg_travel@a1.da1c729a-6d30-4772-adb2-5ccec75fe270,server.da1c729a-6d30-4772-adb2-5ccec75fe270#req:sm__STREAM:sm__DATA,1699548534.8844469,0.0007479190826416016
received_msg_sizes@a1.da1c729a-6d30-4772-adb2-5ccec75fe270,req:sm__STREAM:sm__DATA,1699548534.884524,0.00034809112548828125
request_processing@a1.da1c729a-6d30-4772-adb2-5ccec75fe270,req:sm__STREAM:sm__DATA,1699548534.884673,8.341699140146375e-05
sfm_send_frame,TcpDriver,1699548534.988192,0.00011745799565687776
sent_msg_sizes@a1.da1c729a-6d30-4772-adb2-5ccec75fe270,req:sm__STREAM:sm__DATA,1699548534.98822,0.00040435791015625
msg_travel@a1.da1c729a-6d30-4772-adb2-5ccec75fe270,server.da1c729a-6d30-4772-adb2-5ccec75fe270#req:sm__STREAM:sm__DATA,1699548534.990848,0.00045299530029296875
received_msg_sizes@a1.da1c729a-6d30-4772-adb2-5ccec75fe270,req:sm__STREAM:sm__DATA,1699548534.99088,0.0008907318115234375
request_processing@a1.da1c729a-6d30-4772-adb2-5ccec75fe270,req:sm__STREAM:sm__DATA,1699548534.990933,3.204098902642727e-05
sfm_send_frame,TcpDriver,1699548534.9918962,2.5083019863814116e-05
sent_msg_sizes,req:cell_pipe.task:train,1699548534.991905,0.0009860992431640625
msg_travel,site_a_da1c729a-6d30-4772-adb2-5ccec75fe270_active#reply:cell_pipe.task:train,1699548534.9925451,0.00018715858459472656
received_msg_sizes,reply:cell_pipe.task:train,1699548534.992566,0.0
request_response,reply:cell_pipe.task:train,1699548534.9925818,0.0007927417755126953
msg_travel,site_a_da1c729a-6d30-4772-adb2-5ccec75fe270_active#req:cell_pipe.task:train,1699548535.4826329,0.00031304359436035156
received_msg_sizes,req:cell_pipe.task:train,1699548535.482666,0.000339508056640625
request_processing,req:cell_pipe.task:train,1699548535.4829462,2.4500011932104826e-05
sfm_send_frame,TcpDriver,1699548535.483009,3.1750008929520845e-05
sent_msg_sizes,reply:cell_pipe.task:train,1699548535.483017,0.0
msg_travel,site_a_da1c729a-6d30-4772-adb2-5ccec75fe270_active#req:cell_pipe.task:_HEARTBEAT_,1699548535.7431428,0.0014290809631347656
received_msg_sizes,req:cell_pipe.task:_HEARTBEAT_,1699548535.743378,9.5367431640625e-06
request_processing,req:cell_pipe.task:_HEARTBEAT_,1699548535.7438452,0.00017974997172132134
sfm_send_frame,TcpDriver,1699548535.744233,0.00021016699611209333
sent_msg_sizes,reply:cell_pipe.task:_HEARTBEAT_,1699548535.74429,0.0
sfm_send_frame,TcpDriver,1699548536.4577951,0.00011841699597425759
sent_msg_sizes@a1.da1c729a-6d30-4772-adb2-5ccec75fe270,req:sm__STREAM:sm__DATA,1699548536.457824,0.00035381317138671875
msg_travel@a1.da1c729a-6d30-4772-adb2-5ccec75fe270,server.da1c729a-6d30-4772-adb2-5ccec75fe270#req:sm__STREAM:sm__DATA,1699548536.460636,0.0006952285766601562
received_msg_sizes@a1.da1c729a-6d30-4772-adb2-5ccec75fe270,req:sm__STREAM:sm__DATA,1699548536.4606981,0.0002727508544921875
request_processing@a1.da1c729a-6d30-4772-adb2-5ccec75fe270,req:sm__STREAM:sm__DATA,1699548536.460842,9.329200838692486e-05
sfm_send_frame,TcpDriver,1699548536.462829,7.862498750910163e-05
sent_msg_sizes@a1.da1c729a-6d30-4772-adb2-5ccec75fe270,req:sm__STREAM:sm__DATA,1699548536.462851,0.00086212158203125
msg_travel@a1.da1c729a-6d30-4772-adb2-5ccec75fe270,server.da1c729a-6d30-4772-adb2-5ccec75fe270#req:sm__STREAM:sm__DATA,1699548536.4683561,0.0004868507385253906
received_msg_sizes@a1.da1c729a-6d30-4772-adb2-5ccec75fe270,req:sm__STREAM:sm__DATA,1699548536.468406,9.5367431640625e-06
request_processing@a1.da1c729a-6d30-4772-adb2-5ccec75fe270,req:sm__STREAM:sm__DATA,1699548536.4684942,5.0834001740440726e-05
sfm_send_frame,TcpDriver,1699548536.57253,7.191600161604583e-05
sent_msg_sizes@a1.da1c729a-6d30-4772-adb2-5ccec75fe270,req:sm__STREAM:sm__DATA,1699548536.572552,0.00040435791015625
msg_travel@a1.da1c729a-6d30-4772-adb2-5ccec75fe270,server.da1c729a-6d30-4772-adb2-5ccec75fe270#req:sm__STREAM:sm__DATA,1699548536.57511,0.0005898475646972656
received_msg_sizes@a1.da1c729a-6d30-4772-adb2-5ccec75fe270,req:sm__STREAM:sm__DATA,1699548536.575156,0.00034809112548828125
request_processing@a1.da1c729a-6d30-4772-adb2-5ccec75fe270,req:sm__STREAM:sm__DATA,1699548536.575257,5.8457982959225774e-05
sfm_send_frame,TcpDriver,1699548536.685685,0.0001523340179119259
sent_msg_sizes@a1.da1c729a-6d30-4772-adb2-5ccec75fe270,req:sm__STREAM:sm__DATA,1699548536.685733,0.00040435791015625
msg_travel@a1.da1c729a-6d30-4772-adb2-5ccec75fe270,server.da1c729a-6d30-4772-adb2-5ccec75fe270#req:sm__STREAM:sm__DATA,1699548536.6893592,0.0009210109710693359
received_msg_sizes@a1.da1c729a-6d30-4772-adb2-5ccec75fe270,req:sm__STREAM:sm__DATA,1699548536.689437,0.00034809112548828125
request_processing@a1.da1c729a-6d30-4772-adb2-5ccec75fe270,req:sm__STREAM:sm__DATA,1699548536.689596,9.662497905083e-05
sfm_send_frame,TcpDriver,1699548536.801739,0.00016774999676272273
sent_msg_sizes@a1.da1c729a-6d30-4772-adb2-5ccec75fe270,req:sm__STREAM:sm__DATA,1699548536.8017762,0.00040435791015625
msg_travel@a1.da1c729a-6d30-4772-adb2-5ccec75fe270,server.da1c729a-6d30-4772-adb2-5ccec75fe270#req:sm__STREAM:sm__DATA,1699548536.806459,0.0006537437438964844
received_msg_sizes@a1.da1c729a-6d30-4772-adb2-5ccec75fe270,req:sm__STREAM:sm__DATA,1699548536.806518,0.00034809112548828125
request_processing@a1.da1c729a-6d30-4772-adb2-5ccec75fe270,req:sm__STREAM:sm__DATA,1699548536.806644,7.529198774136603e-05
sfm_send_frame,TcpDriver,1699548536.915307,0.00010045801172964275
sent_msg_sizes@a1.da1c729a-6d30-4772-adb2-5ccec75fe270,req:sm__STREAM:sm__DATA,1699548536.915338,0.00040435791015625
msg_travel@a1.da1c729a-6d30-4772-adb2-5ccec75fe270,server.da1c729a-6d30-4772-adb2-5ccec75fe270#req:sm__STREAM:sm__DATA,1699548536.9186401,0.0008590221405029297
received_msg_sizes@a1.da1c729a-6d30-4772-adb2-5ccec75fe270,req:sm__STREAM:sm__DATA,1699548536.918706,0.00034809112548828125
request_processing@a1.da1c729a-6d30-4772-adb2-5ccec75fe270,req:sm__STREAM:sm__DATA,1699548536.9188428,8.162498124875128e-05
sfm_send_frame,TcpDriver,1699548537.0295959,0.00010808301158249378
sent_msg_sizes@a1.da1c729a-6d30-4772-adb2-5ccec75fe270,req:sm__STREAM:sm__DATA,1699548537.029629,0.00040435791015625
msg_travel@a1.da1c729a-6d30-4772-adb2-5ccec75fe270,server.da1c729a-6d30-4772-adb2-5ccec75fe270#req:sm__STREAM:sm__DATA,1699548537.035275,0.0006837844848632812
received_msg_sizes@a1.da1c729a-6d30-4772-adb2-5ccec75fe270,req:sm__STREAM:sm__DATA,1699548537.035328,0.0008907318115234375
request_processing@a1.da1c729a-6d30-4772-adb2-5ccec75fe270,req:sm__STREAM:sm__DATA,1699548537.035431,6.162500358186662e-05
sfm_send_frame,TcpDriver,1699548537.037338,6.97089999448508e-05
sent_msg_sizes,req:cell_pipe.task:train,1699548537.037359,0.0009860992431640625
msg_travel,site_a_da1c729a-6d30-4772-adb2-5ccec75fe270_active#reply:cell_pipe.task:train,1699548537.038284,0.0002129077911376953
received_msg_sizes,reply:cell_pipe.task:train,1699548537.038323,0.0
request_response,reply:cell_pipe.task:train,1699548537.038357,0.0012860298156738281
msg_travel,site_a_da1c729a-6d30-4772-adb2-5ccec75fe270_active#req:cell_pipe.task:train,1699548537.34365,0.0007369518280029297
received_msg_sizes,req:cell_pipe.task:train,1699548537.343738,0.000339508056640625
request_processing,req:cell_pipe.task:train,1699548537.344424,5.558400880545378e-05
sfm_send_frame,TcpDriver,1699548537.3445902,8.241701289080083e-05
sent_msg_sizes,reply:cell_pipe.task:train,1699548537.344613,0.0
sfm_send_frame,TcpDriver,1699548538.359991,0.0004527909914031625
sent_msg_sizes,req:cell_pipe.task:_HEARTBEAT_,1699548538.360091,9.5367431640625e-06
msg_travel,site_a_da1c729a-6d30-4772-adb2-5ccec75fe270_active#reply:cell_pipe.task:_HEARTBEAT_,1699548538.361862,0.0006659030914306641
received_msg_sizes,reply:cell_pipe.task:_HEARTBEAT_,1699548538.3620129,0.0
request_response,reply:cell_pipe.task:_HEARTBEAT_,1699548538.362129,0.003068208694458008
sfm_send_frame,TcpDriver,1699548540.4513159,0.00011691602412611246
sent_msg_sizes@a1.da1c729a-6d30-4772-adb2-5ccec75fe270,req:sm__STREAM:sm__DATA,1699548540.4513521,0.00035381317138671875
msg_travel@a1.da1c729a-6d30-4772-adb2-5ccec75fe270,server.da1c729a-6d30-4772-adb2-5ccec75fe270#req:sm__STREAM:sm__DATA,1699548540.455703,0.0006933212280273438
received_msg_sizes@a1.da1c729a-6d30-4772-adb2-5ccec75fe270,req:sm__STREAM:sm__DATA,1699548540.455766,0.0002727508544921875
request_processing@a1.da1c729a-6d30-4772-adb2-5ccec75fe270,req:sm__STREAM:sm__DATA,1699548540.45588,6.52919989079237e-05
sfm_send_frame,TcpDriver,1699548540.4572082,6.416699034161866e-05
sent_msg_sizes@a1.da1c729a-6d30-4772-adb2-5ccec75fe270,req:sm__STREAM:sm__DATA,1699548540.4572291,0.00086212158203125
msg_travel@a1.da1c729a-6d30-4772-adb2-5ccec75fe270,server.da1c729a-6d30-4772-adb2-5ccec75fe270#req:sm__STREAM:sm__DATA,1699548540.4622788,0.0005588531494140625
received_msg_sizes@a1.da1c729a-6d30-4772-adb2-5ccec75fe270,req:sm__STREAM:sm__DATA,1699548540.462334,9.5367431640625e-06
request_processing@a1.da1c729a-6d30-4772-adb2-5ccec75fe270,req:sm__STREAM:sm__DATA,1699548540.462451,7.199999527074397e-05
sfm_send_frame,TcpDriver,1699548540.567007,0.0002051659976132214
sent_msg_sizes@a1.da1c729a-6d30-4772-adb2-5ccec75fe270,req:sm__STREAM:sm__DATA,1699548540.567072,0.00040435791015625
msg_travel@a1.da1c729a-6d30-4772-adb2-5ccec75fe270,server.da1c729a-6d30-4772-adb2-5ccec75fe270#req:sm__STREAM:sm__DATA,1699548540.5735948,0.0008759498596191406
received_msg_sizes@a1.da1c729a-6d30-4772-adb2-5ccec75fe270,req:sm__STREAM:sm__DATA,1699548540.573652,0.0008907318115234375
request_processing@a1.da1c729a-6d30-4772-adb2-5ccec75fe270,req:sm__STREAM:sm__DATA,1699548540.5737972,7.133299368433654e-05
sfm_send_frame,TcpDriver,1699548540.575535,5.85830130148679e-05
sent_msg_sizes,req:cell_pipe.task:train,1699548540.575553,0.0009860992431640625
msg_travel,site_a_da1c729a-6d30-4772-adb2-5ccec75fe270_active#reply:cell_pipe.task:train,1699548540.576614,0.0003249645233154297
received_msg_sizes,reply:cell_pipe.task:train,1699548540.576652,0.0
request_response,reply:cell_pipe.task:train,1699548540.576682,0.0014050006866455078
msg_travel,site_a_da1c729a-6d30-4772-adb2-5ccec75fe270_active#req:cell_pipe.task:_HEARTBEAT_,1699548540.804398,0.00038123130798339844
received_msg_sizes,req:cell_pipe.task:_HEARTBEAT_,1699548540.8044522,9.5367431640625e-06
request_processing,req:cell_pipe.task:_HEARTBEAT_,1699548540.8045561,3.7999998312443495e-05
sfm_send_frame,TcpDriver,1699548540.804651,4.933300078846514e-05
sent_msg_sizes,reply:cell_pipe.task:_HEARTBEAT_,1699548540.804665,0.0
msg_travel,site_a_da1c729a-6d30-4772-adb2-5ccec75fe270_active#req:cell_pipe.task:train,1699548540.8683069,0.0006639957427978516
received_msg_sizes,req:cell_pipe.task:train,1699548540.8683589,0.000339508056640625
request_processing,req:cell_pipe.task:train,1699548540.868929,4.1000021155923605e-05
sfm_send_frame,TcpDriver,1699548540.8691761,0.00019383299513719976
sent_msg_sizes,reply:cell_pipe.task:train,1699548540.869191,0.0
sfm_send_frame,TcpDriver,1699548544.372142,0.0003757079830393195
sent_msg_sizes,req:cell_pipe.task:_HEARTBEAT_,1699548544.372232,9.5367431640625e-06
msg_travel,site_a_da1c729a-6d30-4772-adb2-5ccec75fe270_active#reply:cell_pipe.task:_HEARTBEAT_,1699548544.3736808,0.0004820823669433594
received_msg_sizes,reply:cell_pipe.task:_HEARTBEAT_,1699548544.37378,0.0
request_response,reply:cell_pipe.task:_HEARTBEAT_,1699548544.3738549,0.002482891082763672
sfm_send_frame,TcpDriver,1699548544.417911,0.00010820801253430545
sent_msg_sizes@a1.da1c729a-6d30-4772-adb2-5ccec75fe270,req:sm__STREAM:sm__DATA,1699548544.417943,0.00035381317138671875
msg_travel@a1.da1c729a-6d30-4772-adb2-5ccec75fe270,server.da1c729a-6d30-4772-adb2-5ccec75fe270#req:sm__STREAM:sm__DATA,1699548544.4210129,0.000659942626953125
received_msg_sizes@a1.da1c729a-6d30-4772-adb2-5ccec75fe270,req:sm__STREAM:sm__DATA,1699548544.42107,0.0002727508544921875
request_processing@a1.da1c729a-6d30-4772-adb2-5ccec75fe270,req:sm__STREAM:sm__DATA,1699548544.4211771,6.370799383148551e-05
sfm_send_frame,TcpDriver,1699548544.422594,6.650001159869134e-05
sent_msg_sizes@a1.da1c729a-6d30-4772-adb2-5ccec75fe270,req:sm__STREAM:sm__DATA,1699548544.4226172,0.00086212158203125
msg_travel@a1.da1c729a-6d30-4772-adb2-5ccec75fe270,server.da1c729a-6d30-4772-adb2-5ccec75fe270#req:sm__STREAM:sm__DATA,1699548544.425992,0.0005249977111816406
received_msg_sizes@a1.da1c729a-6d30-4772-adb2-5ccec75fe270,req:sm__STREAM:sm__DATA,1699548544.4260411,9.5367431640625e-06
request_processing@a1.da1c729a-6d30-4772-adb2-5ccec75fe270,req:sm__STREAM:sm__DATA,1699548544.4261298,5.258299643173814e-05
sfm_send_frame,TcpDriver,1699548544.527526,6.562500493600965e-05
sent_msg_sizes@a1.da1c729a-6d30-4772-adb2-5ccec75fe270,req:sm__STREAM:sm__DATA,1699548544.527551,0.00040435791015625
msg_travel@a1.da1c729a-6d30-4772-adb2-5ccec75fe270,server.da1c729a-6d30-4772-adb2-5ccec75fe270#req:sm__STREAM:sm__DATA,1699548544.529738,0.0004100799560546875
received_msg_sizes@a1.da1c729a-6d30-4772-adb2-5ccec75fe270,req:sm__STREAM:sm__DATA,1699548544.5297742,0.0008907318115234375
request_processing@a1.da1c729a-6d30-4772-adb2-5ccec75fe270,req:sm__STREAM:sm__DATA,1699548544.5298402,3.7915975553914905e-05
sfm_send_frame,TcpDriver,1699548544.53104,3.941697650589049e-05
sent_msg_sizes,req:cell_pipe.task:train,1699548544.531053,0.0009860992431640625
msg_travel,site_a_da1c729a-6d30-4772-adb2-5ccec75fe270_active#reply:cell_pipe.task:train,1699548544.531806,0.00021791458129882812
received_msg_sizes,reply:cell_pipe.task:train,1699548544.531847,0.0
request_response,reply:cell_pipe.task:train,1699548544.531876,0.000988006591796875
msg_travel,site_a_da1c729a-6d30-4772-adb2-5ccec75fe270_active#req:cell_pipe.task:train,1699548544.79185,0.0004830360412597656
received_msg_sizes,req:cell_pipe.task:train,1699548544.791905,0.000339508056640625
request_processing,req:cell_pipe.task:train,1699548544.792348,3.5958015359938145e-05
sfm_send_frame,TcpDriver,1699548544.792452,5.262502236291766e-05
sent_msg_sizes,reply:cell_pipe.task:train,1699548544.7924669,0.0
msg_travel,site_a_da1c729a-6d30-4772-adb2-5ccec75fe270_active#req:cell_pipe.task:_HEARTBEAT_,1699548545.887558,0.0006940364837646484
received_msg_sizes,req:cell_pipe.task:_HEARTBEAT_,1699548545.8876522,9.5367431640625e-06
request_processing,req:cell_pipe.task:_HEARTBEAT_,1699548545.8878121,5.775000317953527e-05
sfm_send_frame,TcpDriver,1699548545.887959,7.329101208597422e-05
sent_msg_sizes,reply:cell_pipe.task:_HEARTBEAT_,1699548545.887978,0.0
sfm_send_frame,TcpDriver,1699548546.398466,0.00010062498040497303
sent_msg_sizes@a1.da1c729a-6d30-4772-adb2-5ccec75fe270,req:sm__STREAM:sm__DATA,1699548546.3985002,0.00035381317138671875
msg_travel@a1.da1c729a-6d30-4772-adb2-5ccec75fe270,server.da1c729a-6d30-4772-adb2-5ccec75fe270#req:sm__STREAM:sm__DATA,1699548546.401597,0.0006897449493408203
received_msg_sizes@a1.da1c729a-6d30-4772-adb2-5ccec75fe270,req:sm__STREAM:sm__DATA,1699548546.4016662,0.0002727508544921875
request_processing@a1.da1c729a-6d30-4772-adb2-5ccec75fe270,req:sm__STREAM:sm__DATA,1699548546.40178,6.541601032949984e-05
sfm_send_frame,TcpDriver,1699548546.403307,0.0001975419872906059
sent_msg_sizes@a1.da1c729a-6d30-4772-adb2-5ccec75fe270,req:sm__STREAM:sm__DATA,1699548546.403323,0.00086212158203125
msg_travel@a1.da1c729a-6d30-4772-adb2-5ccec75fe270,server.da1c729a-6d30-4772-adb2-5ccec75fe270#req:sm__STREAM:sm__DATA,1699548546.406241,0.00047326087951660156
received_msg_sizes@a1.da1c729a-6d30-4772-adb2-5ccec75fe270,req:sm__STREAM:sm__DATA,1699548546.406282,9.5367431640625e-06
request_processing@a1.da1c729a-6d30-4772-adb2-5ccec75fe270,req:sm__STREAM:sm__DATA,1699548546.406357,4.33750101365149e-05
sfm_send_frame,TcpDriver,1699548546.512575,6.995900184847414e-05
sent_msg_sizes@a1.da1c729a-6d30-4772-adb2-5ccec75fe270,req:sm__STREAM:sm__DATA,1699548546.512597,0.00040435791015625
msg_travel@a1.da1c729a-6d30-4772-adb2-5ccec75fe270,server.da1c729a-6d30-4772-adb2-5ccec75fe270#req:sm__STREAM:sm__DATA,1699548546.5140128,0.0004649162292480469
received_msg_sizes@a1.da1c729a-6d30-4772-adb2-5ccec75fe270,req:sm__STREAM:sm__DATA,1699548546.514057,0.00034809112548828125
request_processing@a1.da1c729a-6d30-4772-adb2-5ccec75fe270,req:sm__STREAM:sm__DATA,1699548546.5141382,4.983300459571183e-05
sfm_send_frame,TcpDriver,1699548546.6204789,9.295798372477293e-05
sent_msg_sizes@a1.da1c729a-6d30-4772-adb2-5ccec75fe270,req:sm__STREAM:sm__DATA,1699548546.6205068,0.00040435791015625
msg_travel@a1.da1c729a-6d30-4772-adb2-5ccec75fe270,server.da1c729a-6d30-4772-adb2-5ccec75fe270#req:sm__STREAM:sm__DATA,1699548546.623107,0.0004391670227050781
received_msg_sizes@a1.da1c729a-6d30-4772-adb2-5ccec75fe270,req:sm__STREAM:sm__DATA,1699548546.62314,0.0008907318115234375
request_processing@a1.da1c729a-6d30-4772-adb2-5ccec75fe270,req:sm__STREAM:sm__DATA,1699548546.623203,3.600001218728721e-05
sfm_send_frame,TcpDriver,1699548546.6243782,4.1417020838707685e-05
sent_msg_sizes,req:cell_pipe.task:train,1699548546.6243892,0.0009860992431640625
msg_travel,site_a_da1c729a-6d30-4772-adb2-5ccec75fe270_active#reply:cell_pipe.task:train,1699548546.6256251,0.0003979206085205078
received_msg_sizes,reply:cell_pipe.task:train,1699548546.625661,0.0
request_response,reply:cell_pipe.task:train,1699548546.625689,0.0014870166778564453
msg_travel,site_a_da1c729a-6d30-4772-adb2-5ccec75fe270_active#req:cell_pipe.task:train,1699548546.966615,0.0005900859832763672
received_msg_sizes,req:cell_pipe.task:train,1699548546.966679,0.000339508056640625
request_processing,req:cell_pipe.task:train,1699548546.967173,4.1292019886896014e-05
sfm_send_frame,TcpDriver,1699548546.967284,5.5415992392227054e-05
sent_msg_sizes,reply:cell_pipe.task:train,1699548546.967299,0.0
sfm_send_frame,TcpDriver,1699548550.385008,0.00048675001016817987
sent_msg_sizes,req:cell_pipe.task:_HEARTBEAT_,1699548550.3851058,9.5367431640625e-06
msg_travel,site_a_da1c729a-6d30-4772-adb2-5ccec75fe270_active#reply:cell_pipe.task:_HEARTBEAT_,1699548550.386899,0.0006449222564697266
received_msg_sizes,reply:cell_pipe.task:_HEARTBEAT_,1699548550.387007,0.0
request_response,reply:cell_pipe.task:_HEARTBEAT_,1699548550.3870962,0.0030710697174072266
sfm_send_frame,TcpDriver,1699548550.467233,8.637501741759479e-05
sent_msg_sizes@a1.da1c729a-6d30-4772-adb2-5ccec75fe270,req:sm__STREAM:sm__DATA,1699548550.467262,0.00035381317138671875
msg_travel@a1.da1c729a-6d30-4772-adb2-5ccec75fe270,server.da1c729a-6d30-4772-adb2-5ccec75fe270#req:sm__STREAM:sm__DATA,1699548550.469152,0.0005629062652587891
received_msg_sizes@a1.da1c729a-6d30-4772-adb2-5ccec75fe270,req:sm__STREAM:sm__DATA,1699548550.469205,0.0002727508544921875
request_processing@a1.da1c729a-6d30-4772-adb2-5ccec75fe270,req:sm__STREAM:sm__DATA,1699548550.469305,5.775000317953527e-05
sfm_send_frame,TcpDriver,1699548550.470268,4.8124988097697496e-05
sent_msg_sizes@a1.da1c729a-6d30-4772-adb2-5ccec75fe270,req:sm__STREAM:sm__DATA,1699548550.470284,0.00086212158203125
msg_travel@a1.da1c729a-6d30-4772-adb2-5ccec75fe270,server.da1c729a-6d30-4772-adb2-5ccec75fe270#req:sm__STREAM:sm__DATA,1699548550.47278,0.00041484832763671875
received_msg_sizes@a1.da1c729a-6d30-4772-adb2-5ccec75fe270,req:sm__STREAM:sm__DATA,1699548550.4728162,9.5367431640625e-06
request_processing@a1.da1c729a-6d30-4772-adb2-5ccec75fe270,req:sm__STREAM:sm__DATA,1699548550.4728801,3.654201282188296e-05
sfm_send_frame,TcpDriver,1699548550.576712,0.00013304100139066577
sent_msg_sizes@a1.da1c729a-6d30-4772-adb2-5ccec75fe270,req:sm__STREAM:sm__DATA,1699548550.576751,0.00040435791015625
msg_travel@a1.da1c729a-6d30-4772-adb2-5ccec75fe270,server.da1c729a-6d30-4772-adb2-5ccec75fe270#req:sm__STREAM:sm__DATA,1699548550.579485,0.0007040500640869141
received_msg_sizes@a1.da1c729a-6d30-4772-adb2-5ccec75fe270,req:sm__STREAM:sm__DATA,1699548550.579564,0.00034809112548828125
request_processing@a1.da1c729a-6d30-4772-adb2-5ccec75fe270,req:sm__STREAM:sm__DATA,1699548550.5797062,8.062497363425791e-05
sfm_send_frame,TcpDriver,1699548550.686218,0.0001451660064049065
sent_msg_sizes@a1.da1c729a-6d30-4772-adb2-5ccec75fe270,req:sm__STREAM:sm__DATA,1699548550.6862552,0.00040435791015625
msg_travel@a1.da1c729a-6d30-4772-adb2-5ccec75fe270,server.da1c729a-6d30-4772-adb2-5ccec75fe270#req:sm__STREAM:sm__DATA,1699548550.688131,0.0004711151123046875
received_msg_sizes@a1.da1c729a-6d30-4772-adb2-5ccec75fe270,req:sm__STREAM:sm__DATA,1699548550.688164,0.00034809112548828125
request_processing@a1.da1c729a-6d30-4772-adb2-5ccec75fe270,req:sm__STREAM:sm__DATA,1699548550.688241,4.9583992222324014e-05
sfm_send_frame,TcpDriver,1699548550.7947378,0.00011016600183211267
sent_msg_sizes@a1.da1c729a-6d30-4772-adb2-5ccec75fe270,req:sm__STREAM:sm__DATA,1699548550.794778,0.00040435791015625
msg_travel@a1.da1c729a-6d30-4772-adb2-5ccec75fe270,server.da1c729a-6d30-4772-adb2-5ccec75fe270#req:sm__STREAM:sm__DATA,1699548550.7969122,0.000431060791015625
received_msg_sizes@a1.da1c729a-6d30-4772-adb2-5ccec75fe270,req:sm__STREAM:sm__DATA,1699548550.796951,0.00034809112548828125
request_processing@a1.da1c729a-6d30-4772-adb2-5ccec75fe270,req:sm__STREAM:sm__DATA,1699548550.797025,4.149999585933983e-05
sfm_send_frame,TcpDriver,1699548550.9031649,8.545900345779955e-05
sent_msg_sizes@a1.da1c729a-6d30-4772-adb2-5ccec75fe270,req:sm__STREAM:sm__DATA,1699548550.9031959,0.00040435791015625
msg_travel@a1.da1c729a-6d30-4772-adb2-5ccec75fe270,server.da1c729a-6d30-4772-adb2-5ccec75fe270#req:sm__STREAM:sm__DATA,1699548550.905115,0.0005269050598144531
received_msg_sizes@a1.da1c729a-6d30-4772-adb2-5ccec75fe270,req:sm__STREAM:sm__DATA,1699548550.905169,0.00034809112548828125
request_processing@a1.da1c729a-6d30-4772-adb2-5ccec75fe270,req:sm__STREAM:sm__DATA,1699548550.905268,5.7416007621213794e-05
msg_travel,site_a_da1c729a-6d30-4772-adb2-5ccec75fe270_active#req:cell_pipe.task:_HEARTBEAT_,1699548550.958772,0.0008800029754638672
received_msg_sizes,req:cell_pipe.task:_HEARTBEAT_,1699548550.958834,9.5367431640625e-06
request_processing,req:cell_pipe.task:_HEARTBEAT_,1699548550.958965,5.2458985010161996e-05
sfm_send_frame,TcpDriver,1699548550.959272,0.00024049999774433672
sent_msg_sizes,reply:cell_pipe.task:_HEARTBEAT_,1699548550.959291,0.0
sfm_send_frame,TcpDriver,1699548551.011428,7.770900265313685e-05
sent_msg_sizes@a1.da1c729a-6d30-4772-adb2-5ccec75fe270,req:sm__STREAM:sm__DATA,1699548551.0114539,0.00040435791015625
msg_travel@a1.da1c729a-6d30-4772-adb2-5ccec75fe270,server.da1c729a-6d30-4772-adb2-5ccec75fe270#req:sm__STREAM:sm__DATA,1699548551.01397,0.000614166259765625
received_msg_sizes@a1.da1c729a-6d30-4772-adb2-5ccec75fe270,req:sm__STREAM:sm__DATA,1699548551.0140328,0.00034809112548828125
request_processing@a1.da1c729a-6d30-4772-adb2-5ccec75fe270,req:sm__STREAM:sm__DATA,1699548551.014148,6.591700366698205e-05
sfm_send_frame,TcpDriver,1699548551.116135,4.875002196058631e-05
sent_msg_sizes@a1.da1c729a-6d30-4772-adb2-5ccec75fe270,req:sm__STREAM:sm__DATA,1699548551.11615,0.00040435791015625
msg_travel@a1.da1c729a-6d30-4772-adb2-5ccec75fe270,server.da1c729a-6d30-4772-adb2-5ccec75fe270#req:sm__STREAM:sm__DATA,1699548551.11787,0.00033402442932128906
received_msg_sizes@a1.da1c729a-6d30-4772-adb2-5ccec75fe270,req:sm__STREAM:sm__DATA,1699548551.1179001,0.0008907318115234375
request_processing@a1.da1c729a-6d30-4772-adb2-5ccec75fe270,req:sm__STREAM:sm__DATA,1699548551.117953,3.070899401791394e-05
sfm_send_frame,TcpDriver,1699548551.118987,2.820801455527544e-05
sent_msg_sizes,req:cell_pipe.task:train,1699548551.118998,0.0009860992431640625
msg_travel,site_a_da1c729a-6d30-4772-adb2-5ccec75fe270_active#reply:cell_pipe.task:train,1699548551.1195729,0.00018095970153808594
received_msg_sizes,reply:cell_pipe.task:train,1699548551.119595,0.0
request_response,reply:cell_pipe.task:train,1699548551.119613,0.0007441043853759766
msg_travel,site_a_da1c729a-6d30-4772-adb2-5ccec75fe270_active#req:cell_pipe.task:train,1699548551.422533,0.0015571117401123047
received_msg_sizes,req:cell_pipe.task:train,1699548551.422712,0.000339508056640625
request_processing,req:cell_pipe.task:train,1699548551.423407,4.833302227780223e-05
sfm_send_frame,TcpDriver,1699548551.423562,8.995798998512328e-05
sent_msg_sizes,reply:cell_pipe.task:train,1699548551.423572,0.0
sfm_send_frame,TcpDriver,1699548554.447904,0.00011083300341852009
sent_msg_sizes@a1.da1c729a-6d30-4772-adb2-5ccec75fe270,req:sm__STREAM:sm__DATA,1699548554.447944,0.00035381317138671875
msg_travel@a1.da1c729a-6d30-4772-adb2-5ccec75fe270,server.da1c729a-6d30-4772-adb2-5ccec75fe270#req:sm__STREAM:sm__DATA,1699548554.4516249,0.0007770061492919922
received_msg_sizes@a1.da1c729a-6d30-4772-adb2-5ccec75fe270,req:sm__STREAM:sm__DATA,1699548554.451703,0.0002727508544921875
request_processing@a1.da1c729a-6d30-4772-adb2-5ccec75fe270,req:sm__STREAM:sm__DATA,1699548554.4518762,7.504099630750716e-05
sfm_send_frame,TcpDriver,1699548554.453367,6.037499406374991e-05
sent_msg_sizes@a1.da1c729a-6d30-4772-adb2-5ccec75fe270,req:sm__STREAM:sm__DATA,1699548554.453386,0.00086212158203125
msg_travel@a1.da1c729a-6d30-4772-adb2-5ccec75fe270,server.da1c729a-6d30-4772-adb2-5ccec75fe270#req:sm__STREAM:sm__DATA,1699548554.457925,0.0005719661712646484
received_msg_sizes@a1.da1c729a-6d30-4772-adb2-5ccec75fe270,req:sm__STREAM:sm__DATA,1699548554.457977,9.5367431640625e-06
request_processing@a1.da1c729a-6d30-4772-adb2-5ccec75fe270,req:sm__STREAM:sm__DATA,1699548554.458069,5.412500468082726e-05
sfm_send_frame,TcpDriver,1699548554.564395,9.41669859457761e-05
sent_msg_sizes@a1.da1c729a-6d30-4772-adb2-5ccec75fe270,req:sm__STREAM:sm__DATA,1699548554.5644228,0.00040435791015625
msg_travel@a1.da1c729a-6d30-4772-adb2-5ccec75fe270,server.da1c729a-6d30-4772-adb2-5ccec75fe270#req:sm__STREAM:sm__DATA,1699548554.56669,0.0005860328674316406
received_msg_sizes@a1.da1c729a-6d30-4772-adb2-5ccec75fe270,req:sm__STREAM:sm__DATA,1699548554.566773,0.00034809112548828125
request_processing@a1.da1c729a-6d30-4772-adb2-5ccec75fe270,req:sm__STREAM:sm__DATA,1699548554.5669498,6.904100882820785e-05
sfm_send_frame,TcpDriver,1699548554.6733172,0.00015670800348743796
sent_msg_sizes@a1.da1c729a-6d30-4772-adb2-5ccec75fe270,req:sm__STREAM:sm__DATA,1699548554.673343,0.00040435791015625
msg_travel@a1.da1c729a-6d30-4772-adb2-5ccec75fe270,server.da1c729a-6d30-4772-adb2-5ccec75fe270#req:sm__STREAM:sm__DATA,1699548554.676069,0.0005960464477539062
received_msg_sizes@a1.da1c729a-6d30-4772-adb2-5ccec75fe270,req:sm__STREAM:sm__DATA,1699548554.676115,0.0008907318115234375
request_processing@a1.da1c729a-6d30-4772-adb2-5ccec75fe270,req:sm__STREAM:sm__DATA,1699548554.676198,4.808299127034843e-05
sfm_send_frame,TcpDriver,1699548554.67782,6.200000643730164e-05
sent_msg_sizes,req:cell_pipe.task:train,1699548554.6778371,0.0009860992431640625
msg_travel,site_a_da1c729a-6d30-4772-adb2-5ccec75fe270_active#reply:cell_pipe.task:train,1699548554.678698,0.00022482872009277344
received_msg_sizes,reply:cell_pipe.task:train,1699548554.678732,0.0
request_response,reply:cell_pipe.task:train,1699548554.67876,0.0011670589447021484
msg_travel,site_a_da1c729a-6d30-4772-adb2-5ccec75fe270_active#req:cell_pipe.task:train,1699548554.952474,0.0005648136138916016
received_msg_sizes,req:cell_pipe.task:train,1699548554.952533,0.000339508056640625
request_processing,req:cell_pipe.task:train,1699548554.9529889,3.770901821553707e-05
sfm_send_frame,TcpDriver,1699548554.9530969,5.608299397863448e-05
sent_msg_sizes,reply:cell_pipe.task:train,1699548554.9531121,0.0
msg_travel,site_a_da1c729a-6d30-4772-adb2-5ccec75fe270_active#req:cell_pipe.task:_HEARTBEAT_,1699548556.030453,0.002608060836791992
received_msg_sizes,req:cell_pipe.task:_HEARTBEAT_,1699548556.0305479,9.5367431640625e-06
request_processing,req:cell_pipe.task:_HEARTBEAT_,1699548556.030716,5.791601142846048e-05
sfm_send_frame,TcpDriver,1699548556.030901,0.00010287499753758311
sent_msg_sizes,reply:cell_pipe.task:_HEARTBEAT_,1699548556.0309298,0.0
sfm_send_frame,TcpDriver,1699548556.3989918,0.00010075001046061516
sent_msg_sizes,req:cell_pipe.task:_HEARTBEAT_,1699548556.399033,9.5367431640625e-06
msg_travel,site_a_da1c729a-6d30-4772-adb2-5ccec75fe270_active#reply:cell_pipe.task:_HEARTBEAT_,1699548556.399881,0.0004742145538330078
received_msg_sizes,reply:cell_pipe.task:_HEARTBEAT_,1699548556.399946,0.0
request_response,reply:cell_pipe.task:_HEARTBEAT_,1699548556.399997,0.0012516975402832031
sfm_send_frame,TcpDriver,1699548556.432891,7.804101915098727e-05
sent_msg_sizes@a1.da1c729a-6d30-4772-adb2-5ccec75fe270,req:sm__STREAM:sm__DATA,1699548556.432919,0.000308990478515625
sfm_send_frame,TcpDriver,1699548556.448353,6.604200461879373e-05
sent_msg_sizes@a1.da1c729a-6d30-4772-adb2-5ccec75fe270,req:sm__STREAM:sm__DATA,1699548556.448374,0.00035381317138671875
msg_travel@a1.da1c729a-6d30-4772-adb2-5ccec75fe270,server.da1c729a-6d30-4772-adb2-5ccec75fe270#req:sm__STREAM:sm__DATA,1699548556.451091,0.000698089599609375
received_msg_sizes@a1.da1c729a-6d30-4772-adb2-5ccec75fe270,req:sm__STREAM:sm__DATA,1699548556.451156,0.0002727508544921875
request_processing@a1.da1c729a-6d30-4772-adb2-5ccec75fe270,req:sm__STREAM:sm__DATA,1699548556.451287,7.441698107868433e-05
sfm_send_frame,TcpDriver,1699548556.452857,6.941700121387839e-05
sent_msg_sizes@a1.da1c729a-6d30-4772-adb2-5ccec75fe270,req:sm__STREAM:sm__DATA,1699548556.452878,0.00086212158203125
msg_travel@a1.da1c729a-6d30-4772-adb2-5ccec75fe270,server.da1c729a-6d30-4772-adb2-5ccec75fe270#req:sm__STREAM:sm__DATA,1699548556.456285,0.0005278587341308594
received_msg_sizes@a1.da1c729a-6d30-4772-adb2-5ccec75fe270,req:sm__STREAM:sm__DATA,1699548556.456327,9.5367431640625e-06
request_processing@a1.da1c729a-6d30-4772-adb2-5ccec75fe270,req:sm__STREAM:sm__DATA,1699548556.456406,4.479201743379235e-05
sfm_send_frame,TcpDriver,1699548556.5621812,6.64590043015778e-05
sent_msg_sizes@a1.da1c729a-6d30-4772-adb2-5ccec75fe270,req:sm__STREAM:sm__DATA,1699548556.562211,0.00040435791015625
msg_travel@a1.da1c729a-6d30-4772-adb2-5ccec75fe270,server.da1c729a-6d30-4772-adb2-5ccec75fe270#req:sm__STREAM:sm__DATA,1699548556.563475,0.00035309791564941406
received_msg_sizes@a1.da1c729a-6d30-4772-adb2-5ccec75fe270,req:sm__STREAM:sm__DATA,1699548556.563505,0.00034809112548828125
request_processing@a1.da1c729a-6d30-4772-adb2-5ccec75fe270,req:sm__STREAM:sm__DATA,1699548556.5635579,3.0416005756706e-05
sfm_send_frame,TcpDriver,1699548556.667844,0.00037616697954945266
sent_msg_sizes@a1.da1c729a-6d30-4772-adb2-5ccec75fe270,req:sm__STREAM:sm__DATA,1699548556.667925,0.00040435791015625
msg_travel@a1.da1c729a-6d30-4772-adb2-5ccec75fe270,server.da1c729a-6d30-4772-adb2-5ccec75fe270#req:sm__STREAM:sm__DATA,1699548556.671703,0.0006639957427978516
received_msg_sizes@a1.da1c729a-6d30-4772-adb2-5ccec75fe270,req:sm__STREAM:sm__DATA,1699548556.671756,0.00034809112548828125
request_processing@a1.da1c729a-6d30-4772-adb2-5ccec75fe270,req:sm__STREAM:sm__DATA,1699548556.6718621,6.091699469834566e-05
sfm_send_frame,TcpDriver,1699548556.779385,0.00015508299111388624
sent_msg_sizes@a1.da1c729a-6d30-4772-adb2-5ccec75fe270,req:sm__STREAM:sm__DATA,1699548556.779438,0.00040435791015625
msg_travel@a1.da1c729a-6d30-4772-adb2-5ccec75fe270,server.da1c729a-6d30-4772-adb2-5ccec75fe270#req:sm__STREAM:sm__DATA,1699548556.7828,0.0007932186126708984
received_msg_sizes@a1.da1c729a-6d30-4772-adb2-5ccec75fe270,req:sm__STREAM:sm__DATA,1699548556.782876,0.00034809112548828125
request_processing@a1.da1c729a-6d30-4772-adb2-5ccec75fe270,req:sm__STREAM:sm__DATA,1699548556.783023,8.429199806414545e-05
sfm_send_frame,TcpDriver,1699548556.889579,9.329200838692486e-05
sent_msg_sizes@a1.da1c729a-6d30-4772-adb2-5ccec75fe270,req:sm__STREAM:sm__DATA,1699548556.889605,0.00040435791015625
msg_travel@a1.da1c729a-6d30-4772-adb2-5ccec75fe270,server.da1c729a-6d30-4772-adb2-5ccec75fe270#req:sm__STREAM:sm__DATA,1699548556.891636,0.0006101131439208984
received_msg_sizes@a1.da1c729a-6d30-4772-adb2-5ccec75fe270,req:sm__STREAM:sm__DATA,1699548556.891689,0.00034809112548828125
request_processing@a1.da1c729a-6d30-4772-adb2-5ccec75fe270,req:sm__STREAM:sm__DATA,1699548556.8918872,5.6416000006720424e-05
sfm_send_frame,TcpDriver,1699548556.998077,9.162502828985453e-05
sent_msg_sizes@a1.da1c729a-6d30-4772-adb2-5ccec75fe270,req:sm__STREAM:sm__DATA,1699548556.9981089,0.00040435791015625
msg_travel@a1.da1c729a-6d30-4772-adb2-5ccec75fe270,server.da1c729a-6d30-4772-adb2-5ccec75fe270#req:sm__STREAM:sm__DATA,1699548556.999894,0.0005986690521240234
received_msg_sizes@a1.da1c729a-6d30-4772-adb2-5ccec75fe270,req:sm__STREAM:sm__DATA,1699548556.9999511,0.00034809112548828125
request_processing@a1.da1c729a-6d30-4772-adb2-5ccec75fe270,req:sm__STREAM:sm__DATA,1699548557.0000541,5.920897820033133e-05
sfm_send_frame,TcpDriver,1699548557.106452,8.62909946590662e-05
sent_msg_sizes@a1.da1c729a-6d30-4772-adb2-5ccec75fe270,req:sm__STREAM:sm__DATA,1699548557.106483,0.00040435791015625
msg_travel@a1.da1c729a-6d30-4772-adb2-5ccec75fe270,server.da1c729a-6d30-4772-adb2-5ccec75fe270#req:sm__STREAM:sm__DATA,1699548557.108465,0.0006060600280761719
received_msg_sizes@a1.da1c729a-6d30-4772-adb2-5ccec75fe270,req:sm__STREAM:sm__DATA,1699548557.1085281,0.00034809112548828125
request_processing@a1.da1c729a-6d30-4772-adb2-5ccec75fe270,req:sm__STREAM:sm__DATA,1699548557.108635,6.020901491865516e-05
sfm_send_frame,TcpDriver,1699548557.216915,0.0003160000196658075
sent_msg_sizes@a1.da1c729a-6d30-4772-adb2-5ccec75fe270,req:sm__STREAM:sm__DATA,1699548557.217003,0.00040435791015625
msg_travel@a1.da1c729a-6d30-4772-adb2-5ccec75fe270,server.da1c729a-6d30-4772-adb2-5ccec75fe270#req:sm__STREAM:sm__DATA,1699548557.2206311,0.0008461475372314453
received_msg_sizes@a1.da1c729a-6d30-4772-adb2-5ccec75fe270,req:sm__STREAM:sm__DATA,1699548557.2207098,0.00034809112548828125
request_processing@a1.da1c729a-6d30-4772-adb2-5ccec75fe270,req:sm__STREAM:sm__DATA,1699548557.22086,8.783300290815532e-05
sfm_send_frame,TcpDriver,1699548557.327181,0.00010066700633615255
sent_msg_sizes@a1.da1c729a-6d30-4772-adb2-5ccec75fe270,req:sm__STREAM:sm__DATA,1699548557.3272069,0.00040435791015625
msg_travel@a1.da1c729a-6d30-4772-adb2-5ccec75fe270,server.da1c729a-6d30-4772-adb2-5ccec75fe270#req:sm__STREAM:sm__DATA,1699548557.329328,0.0005650520324707031
received_msg_sizes@a1.da1c729a-6d30-4772-adb2-5ccec75fe270,req:sm__STREAM:sm__DATA,1699548557.329387,0.00034809112548828125
request_processing@a1.da1c729a-6d30-4772-adb2-5ccec75fe270,req:sm__STREAM:sm__DATA,1699548557.3294919,5.9666024753823876e-05
sfm_send_frame,TcpDriver,1699548557.4369438,0.00033000000985339284
sent_msg_sizes@a1.da1c729a-6d30-4772-adb2-5ccec75fe270,req:sm__STREAM:sm__DATA,1699548557.4369888,0.00040435791015625
msg_travel@a1.da1c729a-6d30-4772-adb2-5ccec75fe270,server.da1c729a-6d30-4772-adb2-5ccec75fe270#req:sm__STREAM:sm__DATA,1699548557.4398332,0.0007469654083251953
received_msg_sizes@a1.da1c729a-6d30-4772-adb2-5ccec75fe270,req:sm__STREAM:sm__DATA,1699548557.4399,0.00034809112548828125
request_processing@a1.da1c729a-6d30-4772-adb2-5ccec75fe270,req:sm__STREAM:sm__DATA,1699548557.4400299,7.716697291471064e-05
sfm_send_frame,TcpDriver,1699548557.548293,0.00031520798802375793
sent_msg_sizes@a1.da1c729a-6d30-4772-adb2-5ccec75fe270,req:sm__STREAM:sm__DATA,1699548557.548373,0.00040435791015625
msg_travel@a1.da1c729a-6d30-4772-adb2-5ccec75fe270,server.da1c729a-6d30-4772-adb2-5ccec75fe270#req:sm__STREAM:sm__DATA,1699548557.5517929,0.0008230209350585938
received_msg_sizes@a1.da1c729a-6d30-4772-adb2-5ccec75fe270,req:sm__STREAM:sm__DATA,1699548557.551871,0.00034809112548828125
request_processing@a1.da1c729a-6d30-4772-adb2-5ccec75fe270,req:sm__STREAM:sm__DATA,1699548557.552014,8.462500409223139e-05
msg_travel@a1.da1c729a-6d30-4772-adb2-5ccec75fe270,server.da1c729a-6d30-4772-adb2-5ccec75fe270#req:sm__STREAM:sm__DATA,1699548557.6169028,0.0012826919555664062
received_msg_sizes@a1.da1c729a-6d30-4772-adb2-5ccec75fe270,req:sm__STREAM:sm__DATA,1699548557.616986,0.0001983642578125
request_processing@a1.da1c729a-6d30-4772-adb2-5ccec75fe270,req:sm__STREAM:sm__DATA,1699548557.617155,0.0001000420015770942
sfm_send_frame,TcpDriver,1699548557.6584132,0.0001244999875780195
sent_msg_sizes,req:cell_pipe.task:_END_,1699548557.658444,1.9073486328125e-05
msg_travel,site_a_da1c729a-6d30-4772-adb2-5ccec75fe270_active#reply:cell_pipe.task:_END_,1699548557.6592839,0.00034999847412109375
received_msg_sizes,reply:cell_pipe.task:_END_,1699548557.659318,0.0
request_response,reply:cell_pipe.task:_END_,1699548557.659345,0.0012879371643066406
sfm_send_frame,TcpDriver,1699548557.6595452,4.041599459014833e-05
sent_msg_sizes,req:cellnet.channel:bye,1699548557.659555,0.0
sfm_send_frame,TcpDriver,1699548557.659592,2.3208005586639047e-05
sent_msg_sizes,req:cellnet.channel:bye,1699548557.659599,0.0
msg_travel,site_a_da1c729a-6d30-4772-adb2-5ccec75fe270_active#reply:cellnet.channel:bye,1699548557.660005,0.0001971721649169922
received_msg_sizes,reply:cellnet.channel:bye,1699548557.660031,0.0
request_response,reply:cellnet.channel:bye,1699548557.660054,0.0005898475646972656
msg_travel,server#reply:cellnet.channel:bye,1699548557.660146,0.00030803680419921875
received_msg_sizes,reply:cellnet.channel:bye,1699548557.660161,0.0
request_response,reply:cellnet.channel:bye,1699548557.660171,0.0007159709930419922
sfm_send_frame,TcpDriver,1699548557.928875,0.00021462500444613397
sent_msg_sizes@a1.da1c729a-6d30-4772-adb2-5ccec75fe270,req:cellnet.channel:bye,1699548557.9289129,0.0
sfm_send_frame,TcpDriver,1699548557.928999,4.129199078306556e-05
sent_msg_sizes@a1.da1c729a-6d30-4772-adb2-5ccec75fe270,req:cellnet.channel:bye,1699548557.929018,0.0
msg_travel@a1.da1c729a-6d30-4772-adb2-5ccec75fe270,a1#reply:cellnet.channel:bye,1699548557.929854,0.0005180835723876953
received_msg_sizes@a1.da1c729a-6d30-4772-adb2-5ccec75fe270,reply:cellnet.channel:bye,1699548557.929906,0.0
request_response@a1.da1c729a-6d30-4772-adb2-5ccec75fe270,reply:cellnet.channel:bye,1699548557.929952,0.0014629364013671875
msg_travel@a1.da1c729a-6d30-4772-adb2-5ccec75fe270,server#reply:cellnet.channel:bye,1699548557.930041,0.0005958080291748047
received_msg_sizes@a1.da1c729a-6d30-4772-adb2-5ccec75fe270,reply:cellnet.channel:bye,1699548557.930083,0.0
request_response@a1.da1c729a-6d30-4772-adb2-5ccec75fe270,reply:cellnet.channel:bye,1699548557.930113,0.0016372203826904297
